timestamp,roll,pitch,yaw,thrust,motor[0],motor[1],motor[2],motor[3]
9602629630,0.0002516781,-0.00020704485,-5.7150977e-05,-0.0,0.0,2.3234558e-11,0.0,0.0
9602633580,7.1953575e-05,-0.00031653242,0.00011254142,-0.0,0.0,0.0,1.6259537e-11,0.0
9602732671,-3.1412987e-05,0.0009829655,-0.00021679739,-0.0,0.0,0.0,0.0,0.0
9602831997,-0.0002415766,0.0013893729,0.00078851247,-0.0,0.0,0.0,0.0,0.0
9602931505,0.0074994536,0.0040664207,0.00021115186,0.001,0.0019999999,0.0,0.0020000003,0.0
9603031552,0.008370733,0.0031402514,1.7592953e-05,0.001,0.002,0.0,0.0020000006,0.0
9603131829,0.0098685855,0.0039385175,8.2984894e-05,0.001,0.0019999999,0.0,0.0019999994,0.0
9603231862,0.0097188195,0.0030822356,-0.0002921878,0.001,0.0019999996,0.0,0.002000001,0.0
9603331914,0.009639665,0.0035676407,-4.7011305e-05,0.001,0.001999999,0.0,0.0020000008,0.0
9603431770,0.009357003,0.0029194853,-0.0001584271,0.001,0.0019999994,0.0,0.0019999999,0.0
9603531734,0.009883209,0.0022404178,0.0002917151,0.001,0.0020000006,0.0,0.0019999994,0.0
9603627759,0.009565184,0.002636033,-0.00012853903,0.001,0.0019999999,0.0,0.0019999999,0.0
9603732080,0.009417211,0.0019832756,-0.00010441996,0.001,0.0019999999,0.0,0.0019999999,0.0
9603832032,0.0084994985,0.0033881182,8.812328e-05,0.001,0.002,0.0,0.0019999996,0.0
9603932111,0.007498148,0.0024640295,-2.2247317e-05,0.001,0.0019999999,0.0,0.0019999999,0.0
9604032088,0.0071309526,0.0025967716,0.0005983123,0.001,0.0019999999,0.0,0.0019999999,0.0
9604132197,0.0062750247,0.0009057653,-9.539589e-05,0.001,0.0012079387,0.00062365824,0.0020730067,9.539588e-05
9604232155,0.006343769,0.0020108435,4.425866e-05,0.001,0.0019999994,0.0,0.0020000003,0.0
9604332232,0.0052852607,0.0020320541,-0.00025640122,0.001,0.0019999999,0.0,0.002,5.820766e-11
9604432317,0.0056270747,0.002127906,-0.0008886725,0.001,0.0019999999,0.0,0.0019999999,0.0
9604532603,0.0062971544,0.0012035448,-0.00021566267,0.001,0.0015370211,8.226813e-05,0.002165048,0.00021566266
9604633465,0.0056851082,0.0018555544,7.871201e-05,0.001,0.0019999999,0.0,0.0020000003,0.0
9604734017,0.006942621,0.0022157668,0.00022580463,0.001,0.002,0.0,0.0019999999,0.0
9604834476,0.00698874,4.93892e-06,3.934116e-05,0.001,6.9846847e-06,0.001993015,0.002,0.0
9604931165,0.006219876,0.0016434226,0.00017836821,0.001,0.0019999999,0.0,0.0019999999,0.0
9605031431,0.007194416,0.0027580324,-0.0004445016,0.001,0.0019999999,0.0,0.0019999999,0.0
9605132051,0.0066750012,0.0004993804,-0.00017060793,0.001,0.00057566346,0.0011231614,0.0021305673,0.00017060792
9605232221,0.0073722405,0.0020397904,-0.0004545381,0.001,0.0019999996,0.0,0.0019999999,5.820766e-11
9605332251,0.007450948,0.0019390378,-0.0006861509,0.001,0.0019999999,0.0,0.0019999999,0.0
9605432412,0.0065859924,0.0020687915,-0.00037435046,0.001,0.002,0.0,0.0019999996,0.0
9605532309,0.006065304,0.0010880926,-0.000113246286,0.001,0.0014521274,0.00034795864,0.0020866683,0.00011324628
9605632074,0.0059288912,0.0014287011,0.00037855277,0.001,0.0019999999,0.0,0.0019999999,0.0
9605732718,0.0064011253,0.001940051,-0.00020453228,0.001,0.0019999994,0.0,0.0019999999,0.0
9605832597,0.0064741406,0.0021329466,0.00031549475,0.001,0.0019999999,0.0,0.0019999996,0.0
9605932463,0.007182704,0.002275522,-0.000629301,0.001,0.0019999999,0.0,0.0019999999,0.0
9606032186,0.006129694,0.0016774761,-0.00034158322,0.001,0.0019999994,0.0,0.0019999996,5.820766e-11
9606132569,0.0061237575,0.00239317,0.0002775999,0.001,0.0019999994,0.0,0.0019999999,0.0
9606233174,0.006526942,0.0021103765,0.00030265187,0.001,0.0019999999,0.0,0.0020000003,0.0
9606333710,0.007275123,0.0019709684,-0.00036276696,0.001,0.0019999999,0.0,0.0019999999,0.0
9606434457,0.0071953265,0.0028056025,-0.00020868446,0.001,0.0019999999,0.0,0.0019999999,0.0
9606534717,0.0076709734,0.001330857,0.00011445546,0.001,0.0018821158,0.00011788402,0.002,0.0
9606631511,0.007485348,0.0021621524,-0.00030173615,0.001,0.0019999999,0.0,0.0019999999,0.0
9606731431,0.0077779936,0.0032062563,-0.00064087304,0.001,0.0019999999,0.0,0.0020000008,0.0
9606831818,0.007718201,0.0009982073,7.231294e-05,0.001,0.001411678,0.0005883218,0.0019999996,0.0
9606932233,0.0073170257,0.0015766487,0.0001314192,0.001,0.0019999999,0.0,0.0019999996,0.0
9607032614,0.007819747,0.0018138202,-0.00017908921,0.001,0.0019999999,0.0,0.0019999999,0.0
9607132661,0.0076103876,0.0013404529,0.0004176675,0.001,0.0018956867,0.00010431299,0.0019999996,0.0
9607232515,0.007721021,0.00035434903,-8.748898e-05,0.001,0.00043416925,0.0014113855,0.0020669557,8.7488974e-05
9607332504,0.0069279918,0.0013432049,-0.00020551961,0.001,0.0018227259,0.0,0.0020768521,0.00010042125
9607432932,0.007708619,0.0018225018,0.00043751742,0.001,0.0019999999,0.0,0.0019999999,0.0
9607532300,0.0066809957,0.0003662681,0.00040031775,0.001,0.0005179809,0.0014820187,0.002,0.0
9607631940,0.007111486,0.0020580124,-4.9806637e-05,0.001,0.0019999999,0.0,0.0019999999,0.0
9607732627,0.008394438,0.0019663717,0.00045640927,0.001,0.0019999996,5.820766e-11,0.0019999999,0.0
9607832955,0.007908954,0.0006901907,-1.0846649e-06,0.001,0.00097524695,0.0010228382,0.00200083,1.0846647e-06
9607933707,0.0056657763,0.0016801985,-0.00031194036,0.001,0.0019999994,0.0,0.0020000003,0.0
9608033972,0.008337907,0.0012070404,0.00011281837,0.001,0.0017070125,0.00029298756,0.0019999999,0.0
9608134449,0.0074223373,0.0016351817,-4.2375505e-05,0.001,0.0019999999,0.0,0.0019999996,0.0
9608234515,0.00783533,0.001272957,-0.00024887986,0.001,0.0016473498,0.0,0.002152883,0.00019976706
9608334421,0.00783874,0.0021238755,-0.00015302321,0.001,0.0019999999,0.0,0.0019999999,0.0
9608434504,0.007841055,0.0010832226,-0.000446261,0.001,0.0011903816,2.1830841e-05,0.0023415259,0.00044626096
9608531610,0.007298949,0.00068956893,3.9927498e-05,0.001,0.0009751977,0.0010248024,0.002,0.0
9608634391,0.006163547,0.0011160222,-0.00061484025,0.001,0.0012555597,0.0,0.0023227339,0.00042170612
9608734487,0.0072004218,0.0008419114,-4.721878e-05,0.001,0.0011545055,0.000762139,0.0020361368,4.7218775e-05
9608834479,0.007753293,0.0016545593,-0.00023060477,0.001,0.0019999999,0.0,0.0019999999,0.0
9608934719,0.0070782825,0.0005152586,0.00023063403,0.001,0.00072868564,0.0012713138,0.0019999999,0.0
9609034682,0.006396055,0.0016536773,-0.00011367762,0.001,0.0019999999,0.0,0.0019999999,0.0
9609134642,0.007369656,0.0017823952,-7.920735e-05,0.001,0.002,0.0,0.0019999999,0.0
9609230913,0.0065912297,0.00090786186,-0.0002285254,0.001,0.0011090189,0.00048756367,0.0021748915,0.00022852539
9609331042,0.007947361,0.00073345465,2.7974556e-05,0.001,0.0010372612,0.00096273824,0.0020000003,0.0
9609431320,0.007070737,0.0013972685,-0.00040245955,0.001,0.001957696,0.0,0.0020183404,2.3964094e-05
9609531629,0.008211788,-0.0006599971,-0.00029953432,0.001,0.0,0.002,0.0010666226,0.0009333771
9609631346,0.007014554,0.0018715464,-0.0001088811,0.001,0.0019999999,0.0,0.0020000008,0.0
9609731621,0.006028775,0.0003333906,0.00010430178,0.001,0.0004714853,0.0015285145,0.002,0.0
9609832042,0.0067853574,0.0011080635,-0.0005426082,0.001,0.0012356903,0.0,0.002331348,0.00043296162
9609932810,0.0065621915,0.0010805165,0.00028620983,0.001,0.001528081,0.00047191884,0.0019999999,0.0
9610032580,0.0072922283,0.0011162992,0.000111894915,0.001,0.0015786856,0.00042131427,0.0019999996,0.0
9610132674,0.007039407,0.0016476552,-0.00027977055,0.001,0.0020000003,0.0,0.002,0.0
9610233109,0.0074363854,0.00046787492,0.00043595242,0.001,0.0006616748,0.0013383247,0.002,0.0
9610332986,0.006335581,0.0012410844,-0.0002866436,0.001,0.0015677797,0.0,0.0021873785,0.00024484145
9610433429,0.0070617157,8.033356e-05,-0.00037066382,0.001,0.0,0.0017379422,0.0021136086,0.0001484488
9610533651,0.006871833,0.00064524513,-0.00021693534,0.001,0.0007464926,0.00087055005,0.0021660218,0.00021693532
9610633224,0.0072911293,0.0010461278,-0.00043963944,0.001,0.0011429895,8.0912636e-05,0.0023364588,0.0004396394
9610733921,0.0069984216,1.1935859e-05,-8.3377374e-05,0.001,0.0,0.0019610643,0.0020168796,2.2055909e-05
9610834236,0.007912261,0.00039459195,4.2874624e-05,0.001,0.0005580373,0.0014419623,0.002,0.0
9610934997,0.0073199384,0.00051139673,0.00010575601,0.001,0.00072322413,0.0012767755,0.0019999999,0.0
9611031846,0.0068380553,-0.0011919164,-7.769341e-05,0.001,0.0,0.002,0.00031437562,0.0016856242
9611131751,0.0069790496,-0.00040485855,-0.0005698505,0.001,0.0,0.0019999996,0.0014274432,0.00057255686
9611231460,0.006503663,0.0006609054,0.00022651153,0.001,0.00093466113,0.0010653385,0.0019999999,0.0
9611331331,0.0068970346,0.0005910791,-0.0001544186,0.001,0.0007177341,0.0010096692,0.0021181772,0.00015441858
9611431264,0.006004613,0.00075193745,-0.00013524533,0.001,0.00095989567,0.0008013546,0.0021035043,0.00013524531
9611531381,0.007507585,0.000121940044,-0.00019364017,0.001,2.4255278e-05,0.0016339105,0.0021481938,0.00019364015
9611631198,0.006593498,-0.00028083683,-0.00021054037,0.001,0.0,0.0019999996,0.0016028367,0.00039716344
9611731820,0.008237329,-0.00032184945,0.000120375444,0.001,9.2124064e-05,0.0021203756,0.0014527121,0.00033478823
9611833087,0.007962085,-0.0005442513,-0.00029597676,0.001,0.0,0.0019999999,0.0012303123,0.0007696878
9611932675,0.006904647,0.00027097043,-6.0509916e-05,0.001,0.00033690152,0.0015562798,0.0020463082,6.0509912e-05
9612033223,0.0070090545,-0.0012941896,-1.9548159e-05,0.001,0.0,0.002,0.00016973913,0.0018302607
9612133887,0.006820333,0.0011796227,1.7827773e-05,0.001,0.0016682383,0.00033176132,0.0020000003,0.0
9612233808,0.006746709,-0.006123849,-0.0004523818,0.009660397,0.0016417613,0.016880436,0.009018601,0.011100784
9612333926,0.007714278,-0.0062387967,0.0002321323,0.024090193,0.016034821,0.032555345,0.023322571,0.024448028
9612434186,0.00784092,-0.0063062585,0.00039269248,0.03816668,0.030123744,0.04690283,0.03729121,0.038348917
9612534317,0.006286524,-0.00594915,-0.00019757799,0.055105213,0.047633078,0.062228557,0.054163974,0.056395233
9612633915,0.0062702484,-0.0059607862,5.0245155e-05,0.07330522,0.066022575,0.08067655,0.07215802,0.0743637
9612733911,0.0064674933,-0.006143486,0.00027475072,0.09323926,0.085901536,0.10106199,0.09188878,0.09410472
9612833816,0.008182841,-0.0056629307,-7.064524e-05,0.11640113,0.10828911,0.12438841,0.11650454,0.11642242
9612933987,0.008028799,-0.00522738,-0.000404736,0.14055412,0.1325707,0.14782302,0.14114487,0.14067781
9613033702,0.008702592,-0.0065535405,-0.00016635402,0.16831586,0.15924335,0.17709465,0.16812022,0.16880514
9613133641,0.00809372,-0.007240895,-6.145044e-05,0.19261599,0.18343936,0.2016841,0.19155242,0.193788
9613229815,0.008996007,-0.008241858,-0.0001333208,0.218864,0.21495733,0.23294215,0.22250263,0.2245863
9613333947,0.009367658,-0.0089411745,7.471122e-05,0.25524816,0.24434236,0.2662858,0.25350916,0.2568552
9613434132,0.010874832,-0.009500601,5.0171686e-05,0.28852734,0.27646053,0.30068263,0.2871582,0.2898079
9613534146,0.011260641,-0.00973335,0.00022148882,0.3240662,0.31177482,0.3367485,0.32259247,0.32514885
9613633921,0.011646721,-0.01145714,-0.00011659957,0.3599784,0.34601814,0.3737328,0.35773578,0.3624268
9613735603,0.013630776,-0.013287262,-0.0005020325,0.40046203,0.38392982,0.41610795,0.39820316,0.40360707
9613831969,0.015120539,-0.011780212,0.00012486333,0.4399567,0.4242319,0.45590186,0.4390217,0.4406712
9613931871,0.01554896,-0.014157201,-2.931495e-05,0.4846961,0.46696028,0.5023801,0.48241055,0.48703334
9614031817,0.014812425,-0.014678683,-4.2955653e-05,0.5295707,0.5118205,0.5472449,0.526562,0.5326552
9614132213,0.016706247,-0.016537512,-0.00060455163,0.57459635,0.5541639,0.5939615,0.57164115,0.57861865
9614232553,0.01701409,-0.01702944,0.0008310053,0.62472767,0.60489345,0.64602876,0.6204785,0.6275097
9614332477,0.018308278,-0.016520064,-0.000112683905,0.6731421,0.6523047,0.69378036,0.67061645,0.67586654
9614432290,0.017982844,-0.018108426,-0.00022866728,0.7100567,0.68816864,0.73154104,0.7063355,0.7141815
9614532413,0.0073815165,-0.007029062,-0.00035151723,0.7206549,0.71175885,0.72893035,0.7196102,0.72231996
9614632546,-0.0053115385,0.007108504,-5.545588e-05,0.7282268,0.735842,0.7205136,0.7306644,0.72588694
9614732568,-0.004149531,0.0064562834,4.9560138e-05,0.73280054,0.7394593,0.72622913,0.7352722,0.7302413
9614832342,-0.001100658,0.004273466,0.00045093131,0.7354465,0.7393586,0.7323303,0.7375779,0.732519
9614932415,0.00062233297,0.0017818336,2.2419947e-05,0.73567915,0.7366479,0.73474985,0.7372302,0.7340884
9615033275,0.0013910028,0.00093020475,0.00050235406,0.73687536,0.7372284,0.737409,0.7378377,0.7350261
9615133582,0.0010726114,-0.00018145703,-0.00022818183,0.7367938,0.7359595,0.73722523,0.73737144,0.7366189
9615233786,2.9617251e-05,0.0022572016,0.00016697666,0.73674804,0.7384572,0.7353335,0.73823094,0.7349703
9615334972,0.00017223267,0.0013430405,-0.000622841,0.7365428,0.73693043,0.73505557,0.7380544,0.73613065
9615431232,-0.00045650575,0.0020398851,0.00032685846,0.7367722,0.73869085,0.7354304,0.73773825,0.73522896
9615534666,0.00010418298,0.0014279591,0.00038459495,0.7369486,0.73820096,0.73637503,0.73771554,0.73550266
9615634585,0.0003628029,0.0011321609,0.00021100957,0.7367257,0.73750794,0.7363158,0.7375444,0.73553437
9615735548,0.00031352404,0.0009759404,0.00068513554,0.7360291,0.73708814,0.7361794,0.7363501,0.73449844
9615834741,-3.973834e-05,0.0022761119,-5.3942174e-05,0.7356114,0.7371991,0.73392826,0.7372424,0.7340755
9615934779,0.00025376256,0.0021869955,-7.480288e-05,0.73590046,0.7372639,0.73440486,0.7376298,0.73430306
9616030942,0.0002448824,0.0013587881,-0.00013349843,0.73572826,0.7364655,0.7347552,0.7369125,0.7347796
9616131008,0.00061819656,0.0010668183,-0.00047203447,0.73555386,0.73564065,0.7346337,0.73697567,0.7349652
9616231035,0.0015201429,0.0016074333,-0.00034838115,0.73539084,0.7355077,0.73465884,0.7375471,0.73384947
9616331541,0.00063177064,0.0013213787,-0.0002704286,0.73546875,0.7358831,0.7345769,0.736923,0.73449177
9616431440,-0.0002027125,0.002441343,-0.00017485757,0.73536664,0.7370595,0.733365,0.7371263,0.73391557
9616531907,0.0010092723,0.0011068832,-0.00010297491,0.73517275,0.7353766,0.734787,0.7365341,0.73399305
9616631411,0.00085449754,0.000680637,-0.00017799744,0.7348014,0.73472315,0.7345654,0.7358421,0.7340748
9616731542,0.000424431,0.0007056555,4.887775e-05,0.73503524,0.73536134,0.73479533,0.735707,0.73427707
9616831406,0.0008764015,0.0014942964,-0.00018309917,0.7350247,0.73550695,0.7342191,0.73665553,0.73371696
9616931537,0.001591949,0.0011563553,9.544129e-05,0.73415726,0.73425925,0.7342236,0.7356905,0.7324555
9617031430,0.00045200536,0.00176862,-0.00011117419,0.7337081,0.73464966,0.7325702,0.7352676,0.7323447
9617131496,0.0013969066,0.00047832594,-0.00027740054,0.7339455,0.73337936,0.7340218,0.73518795,0.7331926
9617231709,0.00090071105,0.0012693225,-4.1147077e-06,0.73404413,0.73449224,0.73358864,0.73539096,0.73270446
9617331808,0.0007837491,0.0018213622,0.0005330073,0.7339628,0.73527026,0.7335961,0.7352309,0.7317536
9617432084,0.00047883246,0.0011822854,0.00047158435,0.7277844,0.72874403,0.72765714,0.7284966,0.72623956
9617532283,-0.00020247971,0.0021068156,0.00026066258,0.681034,0.68282354,0.67970455,0.6822239,0.6793839
9617632369,0.0020028139,0.0017864002,-0.00032597978,0.63254297,0.6325645,0.6319459,0.6350477,0.63061357
9617732322,0.00081995904,0.00089073967,-0.00028397772,0.5887815,0.58878773,0.5882738,0.5900348,0.5880293
9617832446,-0.00047228177,0.00027964317,0.00058945385,0.57012373,0.5710065,0.5702814,0.56963634,0.5695705
9617932453,-7.915305e-05,0.0010124939,0.0004789938,0.5806773,0.5817989,0.58040106,0.5809874,0.5795215
9618032395,0.00017950544,0.0014813688,-0.00041590826,0.6339283,0.6345685,0.63255376,0.63538295,0.63320774
9618132985,0.0009156993,0.0010490539,-0.0005123131,0.67864966,0.6785457,0.6778491,0.6802371,0.6779665
9618233191,0.0005655057,0.0021063348,-0.00018938835,0.71844065,0.7195049,0.71704197,0.7203551,0.7168604
9618332451,0.00017209532,0.0016689722,0.00037652778,0.7418304,0.7432134,0.741112,0.74280757,0.7401884
9618432619,0.00053671864,0.0022765584,-0.00019581299,0.73235005,0.73354405,0.7308103,0.7343755,0.73067015
9618533017,0.00087384426,0.0012359696,2.5468653e-05,0.77004236,0.77050287,0.7696267,0.77132964,0.76871
9618633439,0.00066025334,0.0009953894,-0.0010442386,0.82038426,0.8199618,0.8189632,0.8222143,0.8203975
9618733907,-0.00013217152,0.0017683671,-0.00048261037,0.84798324,0.8489297,0.8461847,0.8495375,0.84728086
9618834317,0.0016591334,0.0014741553,-4.5648165e-05,0.8785699,0.8787554,0.8783037,0.8804691,0.8767512
9618931311,-7.762038e-05,0.0021678018,8.8693385e-05,0.8326107,0.83424985,0.83112806,0.8340372,0.83102757
9619031218,0.00027300164,0.00036895095,0.00042248465,0.76721406,0.767663,0.76751083,0.7672868,0.7663954
9619127295,0.0008615708,0.0017661907,0.00047536835,0.73675144,0.73227125,0.73107237,0.7323518,0.7303319
9619231524,0.00053076114,0.0010201444,0.00015227181,0.7004642,0.7010391,0.700158,0.7013319,0.6993275
9619331601,0.0008470947,0.0010694729,0.00013670529,0.6926084,0.69304955,0.6924085,0.69367963,0.69129574
9619431638,0.0023192302,0.0013875845,0.00022736532,0.71686196,0.71686816,0.717257,0.718818,0.7145044
9619531535,-8.845549e-05,0.0015040206,-0.00010286147,0.6745926,0.67562115,0.67338234,0.67569095,0.6736758
9619631232,0.0003051508,0.0012009394,0.000207287,0.6242675,0.62512416,0.62377673,0.62510914,0.6230598
9619731523,0.0012976478,0.00064154057,0.00018276405,0.58721495,0.5871656,0.5875868,0.5881715,0.58593565
9619831677,0.00033340312,0.0013233069,-0.00058071624,0.54124546,0.54157156,0.5398941,0.5427907,0.54072523
9619931682,-1.2017204e-05,0.0008323502,-0.0005633219,0.5628961,0.5630594,0.5617382,0.56390977,0.5628767
9620031804,-1.5960948e-05,0.0014145181,-0.0005192068,0.62552625,0.62613696,0.6239989,0.6269158,0.6250531
9620131945,0.00033969636,0.006851136,0.0002594476,0.6866745,0.6915492,0.68225765,0.6914886,0.6814022
9620232309,0.0014096221,0.0038189706,0.0001928992,0.72921443,0.73136413,0.72740513,0.73246545,0.7256228
9620332398,0.00034384962,-0.0024725995,0.00042400317,0.76558775,0.76399344,0.76793045,0.76368517,0.7667417
9620432463,-0.00026416854,-0.0016052956,-0.00035559747,0.7341504,0.7328739,0.734799,0.7331565,0.73577195
9620532911,-0.0036483312,0.0049924995,-0.00085741404,0.7143857,0.719067,0.7081907,0.71676475,0.7135201
9620632332,0.0018653988,-0.034026,0.00062671286,0.7068084,0.68230385,0.73241913,0.6831928,0.72931755
9620732482,0.00072974846,-0.0028035257,0.00027114476,0.70383215,0.7016957,0.7064471,0.7020037,0.70518184
9620832473,0.0010245272,0.009313499,0.00048085873,0.704504,0.7109501,0.69890666,0.71122915,0.69692993
9620932849,0.00096127344,-0.07653749,-0.0015554866,0.83918417,0.7833973,0.89222497,0.7867305,0.8943836
9621032511,0.0012040657,0.17739542,-0.0019500704,0.74388057,0.86722916,0.6170894,0.87140685,0.61979663
9621132556,-0.00020954636,0.13821512,-0.0007291844,0.728339,0.82561755,0.6297731,0.8265261,0.6314391
9621232976,0.0009500972,0.03827466,0.0011520116,0.76140624,0.7888814,0.7359646,0.78805953,0.7327192
9621333570,-0.0018502224,-0.016611606,0.0007190267,0.78211004,0.7718306,0.7936586,0.76889694,0.79405373
9621434407,-0.00040857017,-0.02596379,0.00022136653,0.7878219,0.76983446,0.80619997,0.7690909,0.806162
9621534461,-0.0014281056,-0.018550154,-0.00036779535,0.78615487,0.77346385,0.7981965,0.77261186,0.80034703
9621630558,0.0019913055,-0.0126747675,-0.00029783684,0.7860932,0.7776198,0.79363525,0.7812535,0.7929957
9621734897,0.0021839237,-0.0104532875,-0.00012860731,0.787662,0.7790901,0.7960068,0.7814507,0.7941003
9621831198,0.024881529,-0.013742267,0.00021475933,0.79092056,0.76904166,0.8131784,0.7933648,0.7880971
9621931426,-0.0018367434,-0.015491794,0.0012674616,0.7938848,0.7848103,0.80519664,0.7810505,0.80448157
9622031487,-0.0047141504,-0.018698128,0.0005675795,0.79602176,0.78556985,0.8074755,0.7800304,0.811011
9622131661,-0.0010997062,-0.020627044,-0.0001930709,0.796558,0.78236943,0.8104057,0.78157544,0.8118813
9622231915,-0.00042271495,-0.020993855,-0.0011221953,0.796053,0.7805586,0.80956626,0.7818575,0.8122294
9622332310,0.0011291286,-0.021881435,-0.0006332324,0.79778194,0.7812654,0.8131805,0.7833534,0.81332827
9622432586,-0.00010480432,-0.023238864,-0.0001264401,0.79965657,0.78317934,0.8159105,0.783269,0.8162672
9622532427,-0.00025485002,-0.024880279,0.00013747952,0.8004605,0.7830989,0.81806475,0.782636,0.8180422
9622632303,0.00023491163,-0.027322786,0.0006665931,0.8012879,0.7823615,0.8213909,0.7815739,0.819825
9622732438,-3.3866963e-05,-0.027756076,0.00037390366,0.80236435,0.7830407,0.82234794,0.7824348,0.8216337
9622832327,0.00039360195,-0.03108454,-0.00022261032,0.8038366,0.7814911,0.825789,0.7822218,0.8258442
9622932293,-0.0003535485,-0.031136513,0.000102902835,0.80505097,0.78328794,0.8269955,0.7827802,0.82714003
9623032431,0.0010660731,-0.033558466,0.00021594501,0.80638003,0.7822877,0.83085346,0.7830134,0.8293653
9623132373,0.00094495324,-0.034556128,0.00010338165,0.80755657,0.7827326,0.83256286,0.7835107,0.8314199
9623232372,0.001227662,-0.03520216,-0.00056710903,0.80874485,0.7828109,0.8336775,0.7848953,0.83359545
9623332261,-0.003228251,-0.037370715,-0.00010250342,0.80843204,0.7835277,0.83315533,0.7804861,0.8365588
9623432359,0.001707457,-0.038373824,-0.00084685173,0.80807126,0.7794429,0.83520454,0.7824307,0.8352066
9623528472,0.0011158581,-0.039182186,0.00023492113,0.80838454,0.7803816,0.83602303,0.78157395,0.83569354
9623632271,0.00025540794,-0.041433956,0.00013089372,0.8099528,0.78062814,0.8395084,0.78068084,0.83899355
9623732777,0.00042212388,-0.041576784,-0.00032315013,0.8108098,0.78095406,0.8400949,0.7818669,0.84032303
9623832551,-0.0002612951,-0.043167107,-7.2510185e-05,0.8118515,0.78140163,0.8421732,0.78125376,0.84257716
9623932432,0.00049889507,-0.044742353,0.00016669283,0.8127967,0.7810394,0.84484816,0.7812786,0.8440204
9624032514,0.00022504013,-0.045339428,-0.00019841359,0.8136667,0.78134346,0.8456395,0.7818702,0.8458134
9624133184,0.00059969485,-0.047623064,-0.00014781929,0.81333894,0.7792541,0.8471627,0.7800745,0.8468642
9624232595,0.0003398379,-0.04644586,-5.5811943e-05,0.8133,0.7802467,0.8462547,0.78066885,0.8460296
9624333270,0.0011852459,-0.048290104,-6.81611e-06,0.81368965,0.7789509,0.8484162,0.78013575,0.84725547
9624433624,0.0013455672,-0.04840477,5.1265994e-05,0.81437373,0.77951896,0.84931886,0.7807737,0.84788316
9624533806,-0.0003156052,-0.049640935,-9.319438e-05,0.81350106,0.7784846,0.84835285,0.77831453,0.84885204
9624634615,0.00013073951,-0.051066827,0.00018531994,0.81414765,0.7781149,0.8505074,0.77796084,0.85000724
9624731400,0.00082177663,-0.050887883,-0.0004742339,0.8147416,0.7779884,0.8506576,0.77952844,0.8507918
9624831623,0.0011949809,-0.053232305,0.0001256907,0.81586784,0.77773106,0.8542264,0.77872264,0.852791
9624928170,0.0007139413,-0.05341103,0.0009239147,0.8150045,0.77545774,0.854502,0.77553934,0.8527249
9625032800,-2.9797768e-05,-0.05423375,3.6517253e-05,0.81322193,0.7749155,0.8515927,0.7748301,0.85154915
9625132530,6.0953316e-05,-0.05578852,2.871614e-05,0.81537783,0.7759211,0.85488516,0.77593756,0.85476726
9625232327,-0.00013277773,-0.055168036,-0.00017191867,0.8170923,0.7780168,0.8558642,0.7781483,0.85633963
9625332516,-2.4894485e-05,-0.056349702,-0.0003225051,0.81659913,0.7765193,0.8561095,0.7769883,0.85677916
9625432592,0.0014306307,-0.056614235,-7.1148635e-05,0.8168919,0.77609634,0.8575617,0.7776227,0.85628664
9625532234,-0.00020162921,-0.059053946,0.00052075495,0.8177708,0.77651167,0.85994905,0.7755149,0.85910726
9625632345,0.0005677619,-0.060019236,-0.00017999948,0.8191346,0.7762755,0.8616758,0.77711356,0.86147326
9625732608,0.000287381,-0.05804198,-0.0003133558,0.8175817,0.7761576,0.85845256,0.7769219,0.8587945
9625832464,0.00016654831,-0.05892634,-0.00046619962,0.8174723,0.7753657,0.8587557,0.7762443,0.8595232
9625932725,0.001151159,-0.06024333,-0.00030968947,0.8184435,0.7750377,0.86130244,0.7766522,0.8607813
9626032798,0.0005968001,-0.061918624,0.0004251179,0.8190395,0.7752861,0.8635433,0.7752267,0.8621018
9626133203,-0.0004920872,-0.061295863,-0.0002643997,0.8177565,0.77445513,0.86059093,0.7743723,0.8616073
9626233223,-4.7100388e-05,-0.06260242,-5.9348746e-05,0.8170633,0.7727745,0.8612471,0.7728187,0.8614125
9626333468,0.0017186496,-0.06367391,-0.00028093092,0.8183664,0.7722757,0.8639611,0.77440846,0.86282015
9626433601,0.0016435629,-0.0628578,-5.229564e-05,0.8196834,0.77438194,0.8648924,0.7760903,0.8633686
9626533772,0.00069010496,-0.06504462,-0.00032514406,0.81893635,0.7723521,0.8649465,0.7735335,0.86491305
9626633476,-2.0695268e-05,-0.06334815,0.00012399099,0.819901,0.77521217,0.86480856,0.7750019,0.8645811
9626733550,0.0008593248,-0.06447447,-8.6788874e-05,0.8202899,0.7742074,0.8662191,0.7751916,0.8655413
9626833690,0.0004384988,-0.06577043,0.00023619652,0.82030725,0.773764,0.8672674,0.7738369,0.8663605
9626934144,0.00047126052,-0.065573744,-0.0002842004,0.8193593,0.7725406,0.86567616,0.77344257,0.8657776
9627034273,-0.00044174457,-0.06683913,-0.0005476162,0.8186346,0.7711719,0.86513054,0.7715724,0.8666634
9627134721,0.0005435896,-0.0661008,6.204599e-05,0.82081395,0.7738518,0.86788553,0.77429533,0.8672229
9627230928,-0.00014556461,-0.06649885,0.0001401366,0.8226138,0.77577126,0.86970353,0.7754126,0.86956745
9627331183,0.0012125983,-0.066988744,8.715262e-05,0.8203672,0.77246493,0.8684232,0.773533,0.8670475
9627431544,0.0008096907,-0.06676281,0.00045803198,0.8190189,0.7717598,0.86708647,0.77186096,0.8653681
9627531428,0.0005699669,-0.06673147,7.4333795e-05,0.8192907,0.7718789,0.86683357,0.77232987,0.8661202
9627631693,0.0006826622,-0.06890123,-1.3272063e-05,0.82131326,0.77224433,0.87035865,0.772941,0.86970884
9627732205,0.0015007242,-0.06862127,1.2000441e-05,0.81747293,0.7682161,0.86675084,0.76968455,0.86524004
9627832527,0.0016370749,-0.067940615,-0.00020230847,0.817686,0.76867884,0.8663359,0.7706105,0.86511856
9627932340,0.001879883,-0.06846103,-0.00090154615,0.82082784,0.77079725,0.8692668,0.77403975,0.8692073
9628032325,0.0016724244,-0.0697309,-0.00044978957,0.8225622,0.77208227,0.87224805,0.77442765,0.87149066
9628132687,0.0009004308,-0.06979219,0.0003479796,0.81854796,0.76901764,0.86869246,0.7693771,0.8671044
9628232487,0.0011734833,-0.0699867,7.104587e-05,0.81688416,0.76686907,0.86702454,0.767923,0.8657198
9628332630,0.0008697632,-0.069671474,-2.7130594e-05,0.8196861,0.7699693,0.86935496,0.7708725,0.8685475
9628428582,0.0007223785,-0.07082099,-0.00016186766,0.8206389,0.77007914,0.8709128,0.7710425,0.8705209
9628532423,0.0013694329,-0.070172764,0.00014796446,0.8212477,0.77106285,0.8716936,0.77219313,0.87004095
9628628325,0.0004104707,-0.058280725,-5.044452e-05,0.8113399,0.9990804,0.29313955,0.99979365,0.2914743
9628732437,0.0006548803,0.014367469,0.0017562839,0.69598365,0.7071626,0.68790495,0.70512325,0.68374354
9628828610,-0.00878924,-0.21190044,0.0020326779,0.71813756,0.56395394,0.8762864,0.553949,0.88327545
9628932676,0.008929335,-0.18180418,-0.0020656453,0.71023417,0.5756749,0.8411468,0.58768344,0.83643126
9629033527,0.0010966131,-0.08958085,-4.4393848e-05,0.7150873,0.6511668,0.7789293,0.6523212,0.77793163
9629133727,-0.0012677902,-0.031778153,-0.00048212177,0.7227857,0.7005742,0.744146,0.700056,0.7463664
9629234143,0.0006199823,-0.025134742,-0.00039002672,0.7183476,0.699969,0.73603755,0.7011802,0.73620343
9629330778,0.0011814381,-0.035192747,-0.00045619096,0.71266043,0.68684095,0.7376745,0.68870974,0.7374163
9629431301,0.003420056,-0.042605482,-0.00095929153,0.7097545,0.6771994,0.7406161,0.68205625,0.7391461
9629531110,-0.0009443521,-0.044262312,-0.0008906745,0.709528,0.67801595,0.7394677,0.6784436,0.74218464
9629634966,0.0003452063,-0.041678168,0.00075213925,0.7107358,0.6816694,0.7411298,0.6808602,0.7392835
9629731554,0.0016263257,-0.039554838,0.0009346065,0.7063403,0.67828035,0.73605,0.67846113,0.7325695
9629831783,0.0010767905,-0.03535415,8.307212e-05,0.70544755,0.6799785,0.7310632,0.68091816,0.72983015
9629931963,0.0005271232,-0.036010053,0.00047509494,0.7076763,0.68231577,0.7338754,0.68211085,0.7324029
9630031511,0.0004830397,-0.03362171,0.0002647308,0.7086563,0.68484545,0.73293436,0.6849188,0.7319264
9630131803,0.001112743,-0.03232514,0.00043882296,0.70651865,0.6834458,0.730366,0.6838767,0.72838587
9630231949,0.0001935073,-0.031015966,0.00030621391,0.70527965,0.6834865,0.7276132,0.6832095,0.72680914
9630332299,0.0010658846,-0.030554865,0.0012226617,0.705714,0.6845161,0.7290702,0.6837007,0.7255688
9630432403,0.00031434104,-0.029181061,-0.0002218081,0.70722985,0.6862702,0.72779787,0.6869211,0.72793
9630532337,0.0011566,0.46393776,-4.964829e-05,0.80731654,0.99877816,0.34380528,1.0,0.3427587
9630632538,-0.00064942334,-0.064306,0.0015472423,0.8292118,0.7852463,0.87590843,0.78223467,0.87345743
9630732385,0.0025146077,-0.2426556,0.00067784253,0.7855856,0.6132752,0.95909244,0.61472905,0.95524544
9630832324,-0.005954495,-0.171878,-0.0011335764,0.85156864,0.73211473,0.9690213,0.7279503,0.977188
9630932628,-0.0023424886,-0.042078987,-0.0022809163,0.91814023,0.8878007,0.9444532,0.888971,0.95133585
9631032355,0.00077548355,0.017134162,-0.001170187,0.9336904,0.9445263,0.9207887,0.9470858,0.92236066
9631132356,0.0033013588,0.014740133,-0.000117499105,0.9031487,0.9118461,0.8942438,0.91529685,0.8912079
9631232296,0.0018955629,-0.0003671702,0.0008495124,0.86186177,0.86131316,0.86390984,0.861891,0.86033285
9631328954,0.003445535,-0.008036361,0.0005564893,0.83613294,0.8275599,0.8373976,0.82473695,0.8379695
9631433400,0.003264746,-0.0045029684,0.00067940983,0.8132434,0.80896187,0.81872416,0.81115663,0.81413066
9631533699,-0.0013234837,-0.00042376947,0.0001849283,0.79978174,0.80027914,0.7996107,0.7986849,0.800552
9631633665,-0.0015517806,0.0029522765,-0.00030690612,0.7877221,0.79034346,0.78455883,0.7892758,0.7867101
9631734147,2.4457899e-05,0.0054154913,6.785165e-05,0.7785044,0.7823734,0.77475494,0.78229386,0.774595
9631834619,0.0054501016,0.007162593,0.00018851054,0.7776475,0.7801565,0.77547115,0.78526783,0.76969427
9631934584,0.018802183,0.011011778,0.0002826013,0.78154874,0.7802372,0.78335905,0.7984332,0.7641653
9632034677,-0.007974872,0.007966877,-0.00053522387,0.784223,0.7933974,0.77410364,0.7863154,0.7830754
9632131183,-0.00956105,0.010743521,0.0008601978,0.7842691,0.7972606,0.77279603,0.7864711,0.7805484
9632231330,-0.00479847,0.011873525,0.00052303536,0.78546166,0.79663485,0.7752117,0.79108006,0.7789198
9632331414,0.0039583277,0.015908461,0.00087248377,0.78815264,0.79810834,0.779737,0.80069476,0.7740702
9632431549,0.021558126,0.018365256,-0.00019340297,0.7904208,0.79257935,0.78792065,0.81423444,0.7669484
9632531747,-0.012710856,0.017355207,-0.0013643922,0.7901661,0.8076906,0.77023286,0.7971854,0.7855552
9632631458,-0.0141656045,0.018435244,0.00069995306,0.7916247,0.8122134,0.7722715,0.7971073,0.78490645
9632732064,-0.008278853,0.022913093,0.0019216724,0.7928552,0.814629,0.7744736,0.8034853,0.7788327
9632832443,-0.004346721,0.02476547,0.0010362993,0.79656774,0.8170259,0.77793884,0.81113315,0.7801728
9632932358,-9.680516e-06,0.025373183,0.00019289316,0.7969332,0.8150271,0.77917963,0.81472224,0.77880347
9633032631,0.0007774437,0.028277408,-0.00013464315,0.7955789,0.81508577,0.7758342,0.81606215,0.7753332
9633132446,0.0010166564,0.029139195,-0.0011911148,0.7967411,0.81593037,0.77544904,0.8187608,0.77682406
9633228596,-0.0020688232,0.030059187,-0.0001043879,0.79959,0.82179,0.77720565,0.8199,0.7794641
9633332360,-0.004934897,0.032798503,-0.0006010004,0.80121464,0.82639134,0.77497685,0.8224219,0.7810682
9633432449,-0.0024896234,0.033864416,0.0006385064,0.8028084,0.8284761,0.77826774,0.8250321,0.77945745
9633532252,-0.0032223184,0.03364602,-0.00034961672,0.8049175,0.8300375,0.7791802,0.82738006,0.78307205
9633632320,-0.0018189258,0.037097283,-0.00025050322,0.8071046,0.83404565,0.7797212,0.8326269,0.7820244
9633732463,-0.0033327723,0.03841011,-1.4035417e-05,0.8076774,0.83647764,0.7788523,0.8331971,0.7821823
9633832472,-0.0037975952,0.03971324,-0.0003164467,0.80772763,0.8374482,0.77744836,0.83417,0.7818438
9633932371,0.034850597,0.043842804,0.00062497694,0.80881363,0.82302904,0.7957014,0.8566012,0.7599227
9634032368,0.010188256,0.044320073,-0.0048028007,0.80956477,0.832181,0.77847,0.8496265,0.7779814
9634132535,-0.014429407,0.041668713,-0.0029748161,0.81067485,0.84501046,0.77108765,0.8352676,0.79133344
9634228504,-0.00907536,0.042018954,0.0007134434,0.81219786,0.84701604,0.7805757,0.8376445,0.78420275
9634332702,-0.009843106,0.043638438,0.0031984432,0.81418484,0.85236573,0.78165007,0.83771795,0.7850054
9634433109,-0.008676664,0.045370042,0.0028610008,0.8155383,0.8541075,0.7820195,0.8411319,0.784894
9634533645,-0.0069727213,0.04777193,0.0014786059,0.81477726,0.8531428,0.7790218,0.8439713,0.7829729
9634634001,-0.0016001665,0.049570885,0.0009047277,0.8144521,0.85098904,0.77951217,0.8480189,0.7792881
9634730526,-0.0044446313,0.0506365,-0.0007418751,0.81466585,0.85395634,0.7746997,0.8478211,0.7826152
9634831107,-0.0051091313,0.050497003,0.00012055983,0.815649,0.85397893,0.77753174,0.8487324,0.78235257
9634931420,0.00019619969,0.052002717,0.00027436455,0.8140518,0.850936,0.77765185,0.85071045,0.7769087
9635031716,-0.004002154,0.052849397,-0.00073817925,0.8123999,0.8511877,0.7723089,0.8483524,0.7777505
9635131954,-0.0025433889,0.05382263,0.000104492356,0.8129635,0.85236174,0.7737496,0.84968185,0.7760605
9635232411,-0.0013636278,0.055871937,8.150461e-05,0.8146514,0.85489666,0.7745499,0.8534209,0.775738
9635332556,-0.0020611398,0.0563213,-0.00087512133,0.81457555,0.854752,0.77285415,0.8540493,0.7766465
9635432860,-0.0027448214,0.057394125,-0.00037352886,0.81461805,0.8562756,0.77230096,0.8541279,0.7757675
9635532387,-0.0032159467,0.05760158,-0.0008307294,0.8159156,0.8576034,0.7727612,0.85568863,0.7776089
9635632270,-0.00052750006,0.0588443,-0.0007008129,0.81746113,0.8587953,0.7748897,0.8593453,0.776814
9635728426,-0.0013720861,0.058540642,-0.00076070055,0.8164212,0.8585608,0.7724542,0.85741466,0.77559173
9635832444,-0.00031557132,0.061142743,-0.00025859178,0.81728125,0.86047405,0.7736319,0.8605572,0.7744616
9635932498,-0.0017634516,0.062204957,-0.0010075821,0.81984496,0.8639329,0.77397823,0.863728,0.7777405
9636032442,-0.0027158768,0.062383942,-0.000741735,0.820932,0.8658217,0.7747327,0.8642663,0.77890694
9636132639,-0.0026849017,0.06205328,-0.00013702663,0.8188051,0.8639085,0.7734597,0.8614581,0.77639383
9636232808,-0.0038612555,0.06290503,-0.00036428813,0.8168259,0.8629405,0.77006817,0.8596724,0.7746224
9636333143,0.011902346,0.06572073,0.0002139771,0.81716704,0.85790604,0.77680564,0.86937106,0.7645852
9636433672,0.013054624,0.06721787,-0.003358006,0.8191896,0.8576828,0.77476835,0.87575674,0.7685503
9636533717,-0.005651285,0.06421955,-0.0052827257,0.8185925,0.8627591,0.7651001,0.8652459,0.7812646
9636633696,-0.013068985,0.06328888,-0.0005992702,0.8192791,0.87004656,0.7674536,0.8580155,0.7816004
9636734044,-0.021913933,0.0628602,0.0031873798,0.8183563,0.8761002,0.7662389,0.84950995,0.7815758
9636834631,-0.01603019,0.06502218,0.0064562424,0.82116896,0.8800286,0.77370644,0.85426444,0.7766761
9636931142,-0.01014572,0.067441456,0.004996834,0.8196888,0.8762272,0.7719712,0.8585269,0.77202964
9637031317,-0.0059969374,0.06797525,0.0017803987,0.81745076,0.8698498,0.76819456,0.8611831,0.77057534
9637131359,-0.0017703935,0.06878041,-0.0006425807,0.8196721,0.86869234,0.76951736,0.8679219,0.7725566
9637231661,-1.935882e-05,0.06954622,-0.0019433687,0.8207315,0.8684304,0.76960194,0.87138575,0.7735078
9637331940,-0.0043084747,0.06968948,-0.002826382,0.8180464,0.8672955,0.7638077,0.86735296,0.77372915
9637432905,-0.0059532113,0.06947049,-0.0014572208,0.8173403,0.8682972,0.7638109,0.8646294,0.77262354
9637532048,-0.0071393168,0.07081807,-0.0003805445,0.81893253,0.8722539,0.7649393,0.86576295,0.77277374
9637632326,-0.007617813,0.069504015,0.0008784615,0.82238895,0.8759817,0.7703468,0.8670896,0.7761374
9637732440,-0.0057769245,0.0696972,0.00017719057,0.821067,0.8733477,0.76909894,0.8673529,0.7744681
9637833465,-0.0065752612,0.07147927,0.00026108575,0.81920457,0.87320507,0.7656648,0.8662909,0.7716572
9637932692,-0.006476087,0.07087689,0.0008887504,0.8216114,0.87561715,0.76917446,0.8678406,0.7738132
9638032684,-0.0060857586,0.071313746,3.9267656e-05,0.82445794,0.87792915,0.77105594,0.87183946,0.777007
9638132904,-0.0048817033,0.07168129,-0.00036098383,0.8199629,0.87279123,0.76649725,0.86850715,0.7720558
9638233369,-0.005651088,0.07316941,-0.00024420398,0.8174247,0.87177575,0.76264244,0.8665507,0.76872975
9638334193,-0.0058804955,0.07352023,-0.00025036585,0.82016283,0.8748709,0.7650127,0.869428,0.77133954
9638434621,-0.005480322,0.07370827,-0.00034204376,0.8236751,0.87824774,0.7684985,0.87334156,0.77461237
9638534250,-0.0052763084,0.07330365,-0.00023865455,0.82381546,0.87808007,0.76912946,0.87321776,0.77483433
9638633744,-0.005690146,0.0733847,-0.00029042392,0.8213742,0.87586147,0.76637405,0.8706684,0.77259254
9638733287,-0.0047007296,0.073501945,-0.0007638119,0.81943864,0.8731564,0.76437235,0.8696682,0.77055734
9638829319,-0.007199815,0.07535248,-0.0006238043,0.81968576,0.87605727,0.76221293,0.86987865,0.77059394
9638933313,-0.005167241,0.07450465,-0.00016325629,0.81789446,0.87301195,0.76248866,0.8681423,0.7679347
9639033458,-0.0059906114,0.074929744,0.0002152484,0.81612813,0.8722438,0.7603923,0.865979,0.76589715
9639129846,-0.004862831,0.074408576,-0.00051149284,0.81841546,0.8756252,0.76157993,0.8692706,0.76857775
9639233815,-0.0057869772,0.07460197,-0.00024981945,0.82272285,0.8781499,0.76685464,0.8727988,0.7730878
9639334141,0.008091066,-0.28590125,-0.020194432,0.6917873,0.47016144,0.87776375,0.5090876,0.9101362
9639434439,-0.030956501,-0.1926763,-0.0069988715,0.6931315,0.5668678,0.8070399,0.54690963,0.8517084
9639534341,-0.015454271,0.18580675,0.014092635,0.7244475,0.8742736,0.59949905,0.8373917,0.5866254
9639634893,-0.0034475913,0.20465486,0.009897044,0.718539,0.8725339,0.5820153,0.85396963,0.56563693
9639734332,-0.00341875,0.12853038,-0.000573606,0.7166692,0.80880845,0.6235172,0.80629927,0.62805164
9639834567,-0.0052833916,0.050023578,-0.004098548,0.7249942,0.7598468,0.68290627,0.7608855,0.69633794
9639934334,-0.005530883,0.027428402,-0.0016281342,0.7252958,0.7461844,0.70153284,0.74319667,0.710269
9640034777,-0.0072373287,0.035716515,-0.00019634276,0.71695316,0.7456435,0.6879161,0.7387735,0.6954793
9640131490,-0.0040193032,0.04349158,0.0019762267,0.7103262,0.74458283,0.6795581,0.7375758,0.6795878
9640231877,-0.0029981926,0.047903437,-3.712785e-05,0.7077862,0.74311584,0.6723909,0.7402022,0.67543566
9640332243,-0.008443837,0.045446135,-0.0005774753,0.70869946,0.7445756,0.6718038,0.7370937,0.68132454
9640432560,-0.0040088063,0.04338731,-0.000538049,0.7101191,0.7423727,0.67691565,0.7392244,0.68196356
9640532266,-0.0051696347,0.040211074,0.00011634342,0.7091065,0.74018997,0.6782283,0.73489,0.6831175
9640632511,-0.003770922,0.038519606,0.00036562263,0.70609796,0.7354832,0.677358,0.7311875,0.6803629
9640732541,-0.0039700177,0.037445232,0.0002635643,0.70523316,0.73387927,0.6770522,0.7295425,0.6804584
9640832758,-0.004420145,0.036225118,0.0003016956,0.7073789,0.73541445,0.6798759,0.7305733,0.6836518
9640932456,-0.0029415318,0.035272483,0.00065356767,0.7065009,0.7333996,0.6807558,0.72948486,0.68236303
9641032625,-0.0019178401,0.035439346,0.0003221043,0.7057646,0.7320205,0.6800772,0.7296274,0.68133307
9641132570,-0.0037884577,0.032970745,-0.00030364637,0.70468485,0.729643,0.6791906,0.7263543,0.6835513
9641232921,-0.0035464142,0.032527573,2.991407e-05,0.70829946,0.7330796,0.683572,0.72952014,0.68702585
9641332348,-0.0031286736,0.031496286,-9.61165e-05,0.7080841,0.7318316,0.6841668,0.7288789,0.6874589
9641432919,-0.0030848626,0.029264098,5.597963e-05,0.70399624,0.72626007,0.6818311,0.723118,0.68477553
9641532993,-0.0028411313,0.028886259,0.00058667996,0.70555186,0.7278339,0.68430537,0.72412103,0.6859469
9641633638,-0.0022018172,0.02781783,-0.00017615277,0.70947284,0.73009884,0.68853575,0.728187,0.6910695
9641734104,-0.0027292273,0.028008511,-0.00030808497,0.7089669,0.7298881,0.6875017,0.72765565,0.69082195
9641834236,-0.002959959,0.02664389,-0.00017511752,0.7075419,0.72771424,0.6870603,0.72504956,0.6903432
9641934219,-0.0022364708,0.024329701,0.0002586357,0.7068242,0.7253337,0.6887711,0.72272193,0.69046974
9642034111,-0.0030420367,0.025087154,0.00068601914,0.7087959,0.7285671,0.69023556,0.72450316,0.69187754
9642134549,-0.0022916677,0.023069153,-2.6477574e-07,0.70583516,0.7232825,0.6883873,0.72101235,0.6906583
9642234549,-0.0030135093,0.023016341,0.00052137824,0.7057658,0.72393256,0.68851924,0.7201489,0.6904622
9642334732,-0.0014519457,0.021673879,0.00042648878,0.708369,0.7247404,0.6927504,0.72264904,0.693336
9642431054,-0.0018896261,0.021342197,-0.00030280644,0.7095568,0.7253523,0.6932267,0.72394365,0.6957044
9642531834,-0.00080687687,0.020299628,0.00038832246,0.709068,0.7241188,0.69470257,0.72272503,0.69472533
9642632937,0.030266114,0.019931946,0.026866188,0.84054154,0.860203,0.868307,0.849068,0.7845879
9642732398,0.12691768,0.027626647,0.0076126,0.74409467,0.70658267,0.79504514,0.82067657,0.65407413
9642832576,0.071182355,0.011476478,-0.017558523,0.73393726,0.6933521,0.74352616,0.7907525,0.7081181
9642932525,0.016531259,0.019794565,-0.017997775,0.7597209,0.75175464,0.7359155,0.7956808,0.7555325
9643032551,-0.008093077,0.019307654,-0.009624403,0.7751497,0.78544575,0.7478635,0.79215866,0.7751307
9643132577,-0.013589287,0.019069998,-0.0025275182,0.7829916,0.80127364,0.7602476,0.7916785,0.77876645
9643232535,-0.0146979755,0.017281974,0.0012572699,0.78623116,0.8066946,0.767987,0.790208,0.7800348
9643332507,-0.013110919,0.017423356,0.002351936,0.784766,0.805381,0.7683028,0.78879124,0.7765888
9643432546,-0.0131450435,0.015757117,0.0019807413,0.78530025,0.8044699,0.7696271,0.7884145,0.7786893
9643532480,-0.015452442,0.017483754,0.0012648657,0.7883665,0.8093522,0.76961356,0.7921064,0.7823936
9643632531,-0.016409341,0.015631687,0.0016547195,0.791649,0.8120975,0.77412146,0.79330695,0.7870698
9643732608,-0.017505217,0.015585725,0.00063916063,0.79077244,0.81095415,0.771719,0.79263216,0.7877843
9643832415,-0.020303303,0.014794957,0.00055801554,0.79069126,0.8116378,0.77072966,0.79066783,0.7897295
9643932371,-0.021506058,0.014836086,5.5300887e-05,0.79455465,0.81574136,0.77346545,0.7943492,0.79466236
9644032378,-0.020932393,0.013063121,0.0004250881,0.7971552,0.81708705,0.77797365,0.7956973,0.7978626
9644132515,-0.023016844,0.01555865,0.0004597861,0.79645807,0.8192137,0.774514,0.79570556,0.79639876
9644232381,-0.027162232,0.013485536,0.0005702297,0.7949101,0.81833786,0.77248883,0.79055357,0.7982598
9644332402,-0.025696069,0.011846459,0.0009817949,0.79777896,0.8196364,0.7776546,0.79267484,0.8011498
9644432414,-0.026396604,0.013922347,0.00027139316,0.80027616,0.82340485,0.77762645,0.7968365,0.8032366
9644532677,-0.028582282,0.011725226,0.00035179825,0.79857475,0.8212941,0.77647626,0.79243726,0.8040911
9644632543,-0.030797705,0.0110023115,0.00028133654,0.799056,0.8223077,0.7763008,0.7913638,0.80625147
9644732471,-0.03181784,0.010944345,-0.00040557917,0.80039084,0.8235812,0.7764844,0.792678,0.80881953
9644832415,-0.03231681,0.011828669,-6.336937e-05,0.80321366,0.82753843,0.7787769,0.79561704,0.810922
9644932770,-0.03350455,0.011425541,0.0007633567,0.8007499,0.8260107,0.7768365,0.79164714,0.808505
9645029461,-0.035142798,0.010237133,0.00027356064,0.79914135,0.8246572,0.77529263,0.78972363,0.80841637
9645133918,-0.036257323,0.0098924255,0.00013960531,0.8030673,0.82813036,0.7782506,0.79199415,0.813894
9645234098,-0.037161198,0.009666734,0.0009378091,0.8067933,0.8327554,0.78248656,0.7945019,0.817429
9645334516,-0.0377416,0.008663132,0.00022854308,0.8059542,0.8309514,0.7813603,0.7932085,0.81829643
9645430920,-0.039560232,0.009781479,0.0005739727,0.8030433,0.8299966,0.7771032,0.789923,0.8151502
9645531353,-0.03881915,0.008684615,0.00086936034,0.80513597,0.8311725,0.7806339,0.7913812,0.817356
9645632074,-0.040838808,0.008990766,0.0006814379,0.80787116,0.8349809,0.78196424,0.79347616,0.8210631
9645732428,-0.042056166,0.0090831835,0.00025430816,0.8072635,0.8347148,0.78026104,0.7926577,0.82142025
9645832371,-0.043724194,0.0093423,0.00021263833,0.8046034,0.8330323,0.7765497,0.7893864,0.81944495
9645932418,-0.043413945,0.0069507873,0.00017698584,0.8035461,0.8301029,0.7773015,0.786819,0.81996065
9646032335,-0.044455465,0.0067508384,8.983471e-05,0.8052564,0.8321212,0.77855015,0.7879387,0.8224155
9646132754,-0.04450028,0.0067546773,0.0002751663,0.8061154,0.83314687,0.77956957,0.7886363,0.82310855
9646232519,-0.04628158,0.0074916123,0.00039467396,0.8050301,0.8335566,0.7772002,0.7870983,0.8222651
9646332542,-0.04688173,0.0061448333,0.00083851686,0.8080606,0.8362717,0.7813296,0.7885394,0.8261014
9646432468,-0.048281096,0.00649225,0.00085553573,0.8105759,0.83973897,0.78292304,0.79059416,0.8290472
9646532439,-0.048145276,0.0068719233,0.00071802194,0.8097569,0.8390159,0.7817653,0.79021615,0.82803
9646632548,-0.048481926,0.0071021183,0.0002671184,0.8080899,0.8373334,0.7793179,0.78889024,0.82681787
9646732741,-0.050035074,0.005945542,0.00063349446,0.8092663,0.8387418,0.78090906,0.788199,0.8292152
9646833594,-0.050294578,0.0059350566,0.0009427237,0.8126605,0.8424937,0.78449136,0.7912206,0.83243614
9646934413,-0.050555192,0.006175972,0.0006168997,0.8109801,0.8408634,0.7821857,0.78983074,0.83104026
9647034530,-0.051544458,0.00705507,0.00058402587,0.80855834,0.8395282,0.77861935,0.7875657,0.8285199
9647130866,-0.050281696,0.005824668,0.00071073696,0.8098439,0.8394152,0.78152716,0.78850985,0.82992315
9647231388,-0.051510844,0.005402073,0.00038236388,0.8119278,0.8415578,0.78297263,0.7899374,0.83324313
9647331581,-0.053127624,0.004988915,0.0013881029,0.81248766,0.8433962,0.7840295,0.7886344,0.8338903
9647432841,-0.054196924,0.005131696,8.922868e-05,0.8109255,0.84147066,0.7805377,0.78763753,0.8340558
9647531898,-0.054884806,0.006042425,0.0005384539,0.8122054,0.8440791,0.7812821,0.78887683,0.8345832
9647631376,-0.05382285,0.0044559403,0.0014550539,0.8138395,0.84476674,0.78548074,0.7892138,0.8358965
9647731793,-0.055654015,0.004517122,0.0010846193,0.8119778,0.84357196,0.7822982,0.7867717,0.8352691
9647831768,-0.05576958,0.004316741,0.0010814811,0.80846804,0.83997536,0.77886975,0.7830654,0.83196145
9647931886,-0.054792844,0.0047745486,0.0010229094,0.8108733,0.8421757,0.7813766,0.7863231,0.8336177
9648027825,-0.05743482,0.0045686206,0.00091741135,0.8127933,0.84500265,0.78236204,0.7883988,0.8370422
9648131881,-0.056146894,0.0042924215,0.0010478871,0.812967,0.8446184,0.7831654,0.78738594,0.83669806
9648232189,-0.057166632,0.0035877654,0.0007093619,0.81191194,0.84331113,0.7817649,0.78558654,0.836985
9648332629,-0.058682173,0.004194807,0.0005289105,0.8127017,0.8451428,0.7811942,0.78619283,0.83827674
9648433389,-0.058069956,0.0050520776,0.00050603255,0.81618655,0.848913,0.78435326,0.7906047,0.84087497
9648532831,-0.05804793,0.003997911,0.00088785746,0.8171727,0.8494351,0.78647757,0.7905641,0.8422138
9648632553,-0.058888443,0.0032808296,0.0012266171,0.81585413,0.8482851,0.78558844,0.7880629,0.84147996
9648732298,-0.05974238,0.0042888015,0.0007143591,0.8138908,0.8470655,0.78197706,0.7867813,0.83973914
9648832518,-0.060533017,0.005427828,0.0002672351,0.8145508,0.84858036,0.78099287,0.7881972,0.8404326
9648932384,-0.061061706,0.003121005,0.0011099881,0.81416035,0.84746563,0.78281444,0.7852687,0.84109235
9649032520,-0.05943374,0.0028205486,0.0009579251,0.81173694,0.8439069,0.78125787,0.78355575,0.83822703
9649132446,-0.058935177,0.0043837065,0.0010939502,0.8133246,0.846457,0.78212315,0.78639156,0.83832633
9649232434,-0.058593635,0.003560306,0.000722668,0.81488794,0.8469848,0.7840667,0.787826,0.84067404
9649332520,-0.060408425,0.002976016,0.0006689764,0.81467015,0.8472117,0.7833094,0.78633714,0.8418221
9649432156,-0.061247043,0.0029925893,0.0005913066,0.812417,0.8453263,0.7805513,0.7837397,0.84005034
9649532106,-0.061014425,0.0030522945,0.0010009989,0.81439936,0.84754926,0.78301644,0.785566,0.84146553
9649632684,-0.061517056,0.003043427,0.0007753934,0.81505495,0.8482749,0.7832037,0.78613895,0.842602
9649732411,-0.062266037,0.0031940625,0.0008604495,0.8163469,0.85010946,0.78410316,0.78710127,0.8440734
9649833024,-0.061872777,0.0031529248,0.00090570864,0.81451255,0.8480858,0.782538,0.78539807,0.8420281
9649933333,0.14648256,0.0014388466,0.0006223567,0.6858328,0.6147614,0.7580027,0.7589389,0.61162794
9650033767,-0.17327839,-9.665801e-05,0.0037114786,0.72381335,0.8124246,0.64175385,0.63506526,0.8060094
9650133837,-0.14349097,-0.00183078,0.0055398545,0.7242584,0.79828656,0.6600097,0.64764106,0.79109615
9650233681,-0.08470239,0.0029287252,0.003393711,0.72094005,0.7675683,0.6803026,0.6784535,0.7574355
9650333828,-0.038990397,-0.00090550736,0.0023326853,0.72687006,0.7473301,0.7105278,0.70512927,0.7444928
9650434404,-0.030357644,0.0025446983,0.0011282839,0.7259401,0.7436416,0.71023023,0.71183723,0.7380511
9650534586,-0.034137055,0.0013314541,0.0005156479,0.7199659,0.7382129,0.702629,0.7036017,0.73541963
9650634815,-0.037386592,0.0017033811,0.00053922547,0.71346885,0.73360664,0.6942828,0.6957399,0.73024577
9650731316,-0.03821074,0.0021910598,0.0006889412,0.7102454,0.7312509,0.690456,0.6923384,0.726936
9650831519,-0.037119374,0.0014968682,0.0003682071,0.7101747,0.7299032,0.691096,0.69256294,0.7271363
9650932091,-0.03424603,0.0029367278,0.00038235576,0.7095985,0.7289325,0.6909393,0.6944175,0.7241044
9651032443,-0.03317521,0.0027372758,0.00089985156,0.7075532,0.72661185,0.690083,0.6923656,0.7211522
9651132291,-0.031754192,0.0025935408,0.0006006607,0.7080054,0.72602946,0.6910416,0.6936491,0.7213013
9651232439,-0.030544624,0.0027077592,0.00029102678,0.7090259,0.7262946,0.69227093,0.6955865,0.7219514
9651332668,-0.029792864,0.0022681872,0.0011251892,0.7076966,0.7249204,0.69245905,0.6936804,0.7197264
9651432462,-0.029952154,0.0030080145,0.0012323398,0.7055768,0.72348464,0.68984425,0.6919228,0.7170552
9651532238,-0.028692622,0.00064980285,0.00079137366,0.70630264,0.7215816,0.6924206,0.6919426,0.7192656
9651632588,-0.026891984,0.0026546046,0.0006641947,0.70777047,0.72347766,0.69323564,0.69581735,0.718551
9651733492,-0.027405774,0.001984356,0.00058351597,0.7084539,0.72387993,0.6940578,0.69583404,0.72004354
9651833711,-0.024886163,0.0026837743,0.0003775439,0.7083484,0.7228632,0.69449997,0.6976289,0.71840125
9651934187,-0.024343362,-0.0008548296,0.00058708433,0.7091542,0.72105825,0.6982864,0.69604105,0.7212308
9652034287,0.042951133,0.0038035754,0.00055222237,0.71268445,0.6945192,0.7318244,0.7362286,0.68816537
9652134418,0.012152635,-0.003843977,0.001793206,0.8281047,0.8207386,0.83863616,0.8300344,0.8230093
9652234724,-0.22413383,-0.0057864063,0.00396968,0.7806709,0.8906495,0.67769986,0.66250896,0.89182496
9652331112,-0.13329265,-0.004148184,0.0021822858,0.82754236,0.8923102,0.76662683,0.756908,0.8943242
9652431191,-0.028186051,0.000100448495,0.0010403376,0.8817011,0.89653116,0.8687075,0.867013,0.8945526
9652531432,0.009678472,0.0014179626,7.7980454e-05,0.9015986,0.89786625,0.9054684,0.90733606,0.89572334
9652631005,0.0033461396,0.0035747215,-0.00073004165,0.8777663,0.8780776,0.8761661,0.8825103,0.874311
9652731394,-0.004032962,0.00033172284,-0.00022653473,0.8449369,0.8469959,0.84247786,0.84334695,0.8469267
9652831788,-0.004854284,0.003194091,-0.0005379967,0.82059675,0.82484823,0.8153954,0.8208623,0.82128084
9652931879,-0.0029937907,0.001542712,-0.0001775297,0.8044768,0.8069148,0.8017253,0.8042204,0.80504644
9653032139,-3.7681966e-05,0.00077176135,0.00024226808,0.7875739,0.78832364,0.7872517,0.7879154,0.7868045
9653132304,0.0017484358,0.002158075,-0.00019808178,0.7793197,0.7798279,0.77846175,0.78186333,0.7771256
9653232481,0.003864871,0.0021162468,0.00041015793,0.7811851,0.7810807,0.78201336,0.78428215,0.7773639
9653332389,0.005414161,0.0034334995,-0.00046816864,0.7834758,0.78286326,0.7832618,0.788944,0.778834
9653432335,0.0061591463,0.0014768131,-1.3511744e-06,0.7857442,0.7837362,0.78774965,0.7898405,0.7816501
9653532167,0.007995319,0.0030421922,0.00034524788,0.78850096,0.78695554,0.79065573,0.7943486,0.78204376
9653631513,0.0098032085,0.0020593803,-0.0006240227,0.7916423,0.78776455,0.7944184,0.79843235,0.7859537
9653731543,0.011794648,0.0025455249,-0.00033448113,0.7940497,0.7897507,0.79775804,0.8019484,0.7867413
9653832204,0.013339165,-0.0002128983,0.00053260056,0.7963603,0.79000926,0.80365145,0.8024101,0.7893702
9653932629,0.014716089,0.0024039585,0.00014071778,0.8001806,0.794698,0.80591154,0.80906284,0.79104984
9654032486,0.01630223,0.0037338925,-2.6063353e-05,0.8029731,0.7975175,0.8083826,0.81370914,0.79228294
9654132604,0.017746134,0.0018672174,0.0006147726,0.8041338,0.7971333,0.8122193,0.8137747,0.7934075
9654232516,0.020607766,-0.00055325154,0.0004914119,0.80305475,0.7928308,0.8141461,0.8124961,0.7927457
9654332570,0.02102684,0.0013860477,-0.0006812598,0.804379,0.7944213,0.8131339,0.8162967,0.7936638
9654432771,0.021910764,0.0032047878,-0.0013831076,0.80665314,0.7970064,0.8138581,0.82083195,0.79491585
9654532622,0.023752246,0.0010744203,3.389723e-05,0.80708295,0.7961021,0.8181235,0.8195832,0.79452276
9654632523,0.026033385,0.003920181,-0.001014333,0.80633104,0.7954302,0.81544113,0.8227758,0.7916768
9654732571,0.027455736,0.0032314858,-0.0011294675,0.80797005,0.7957895,0.81815666,0.8247205,0.7932133
9654832849,0.027982397,0.0016667912,-0.00084271806,0.81003743,0.79670906,0.8218781,0.82572293,0.7958394
9654933361,0.029726375,0.000915405,-0.00042273002,0.8112914,0.7968891,0.8249473,0.8269881,0.7963408
9655033439,0.031022053,0.0015805936,-0.00065650634,0.8103573,0.79560465,0.8239509,0.8273451,0.79452825
9655133561,0.031598236,0.0019984234,-0.0005573969,0.81151336,0.79684657,0.825196,0.82900625,0.79500437
9655234083,0.03361249,0.0018642766,-0.00038880884,0.8136404,0.79801,0.8285844,0.8319072,0.79605985
9655334427,0.035097517,0.00088524166,-0.00062498235,0.81451035,0.7972712,0.8306461,0.8330013,0.79712254
9655431231,0.03624207,0.0031224573,-0.00068557094,0.8123857,0.7961151,0.82744586,0.83307195,0.79290956
9655530978,0.036629852,0.00038103806,-0.0001199891,0.8142662,0.7962979,0.83202255,0.83277327,0.79597086
9655631047,0.037601344,0.0021596302,-0.0010863153,0.81735027,0.79941887,0.8333639,0.83833575,0.7982823
9655732199,0.03940942,0.001987771,-0.0008353673,0.8170402,0.79828364,0.834322,0.8386078,0.7969472
9655832333,0.04039246,0.0034998942,-0.0010152392,0.8140498,0.7957378,0.83056945,0.8373112,0.7925804
9655932485,0.040452376,-3.3699325e-07,-0.0004519777,0.81719613,0.7968105,0.83678377,0.83758116,0.79760885
9656032378,0.041918863,0.00202849,-0.0007671937,0.81961155,0.79969275,0.8381759,0.84239894,0.7981784
9656132551,0.042650152,0.001540686,-0.0003753236,0.82161635,0.8012903,0.8412797,0.84412116,0.799774
9656232482,0.045020167,0.0016308031,-0.0008755647,0.81711006,0.7952908,0.8373835,0.84123546,0.7945302
9656332308,0.047586877,0.002149572,-0.0007299113,0.8171409,0.7945284,0.8384647,0.84279317,0.792777
9656428373,0.04612047,-0.00085053453,0.0002223689,0.8195612,0.79702896,0.8438948,0.84373987,0.7973596
9656532660,0.0475372,0.0034582957,-0.0013399821,0.82158875,0.79945946,0.84135246,0.84860873,0.7969341
9656632576,0.048047673,0.0012731296,-0.0004656808,0.8172478,0.7939896,0.83968383,0.8423064,0.7930112
9656732564,0.047699768,0.0019085058,-0.0011357688,0.81807643,0.794927,0.83922076,0.84392476,0.79423296
9656832632,0.050627645,0.0011682615,-0.001006366,0.82350045,0.7984762,0.84674805,0.85017675,0.79860055
9656932697,0.05093317,0.0006247791,-0.0004092968,0.8237305,0.79862756,0.84811085,0.84971696,0.7984665
9657033685,0.05065305,-0.0011492091,0.00011242967,0.82002634,0.79420704,0.846044,0.8442203,0.7956338
9657132960,0.052107513,0.0014871429,-0.0013474636,0.8209967,0.7952038,0.8444108,0.8488926,0.79547936
9657233305,0.052975763,0.001374152,-0.00090383267,0.8223487,0.7963853,0.84671646,0.85025537,0.7960375
9657333784,0.053107757,0.0019041095,-0.0008064555,0.8242568,0.7986772,0.8484126,0.85252905,0.79740804
9657433853,0.052949164,0.00080103555,-0.0013971587,0.8209111,0.79417807,0.84517765,0.8487769,0.7955116
9657533716,0.05326757,0.0008743336,-0.00050097296,0.82274336,0.79659027,0.848012,0.8501328,0.7962381
9657633517,0.054609247,0.0012685846,-0.0013387722,0.8240402,0.79686004,0.8488568,0.85301423,0.7974293
9657734734,0.05528927,0.0019685554,-0.0007452925,0.8207708,0.794203,0.84602284,0.85012245,0.7927347
9657831054,0.056252316,0.002655112,-0.0006616289,0.8150736,0.7885782,0.84040093,0.8453238,0.78599125
9657931314,0.05644859,0.0026207322,-0.0002775378,0.81925714,0.79293406,0.84509015,0.8492864,0.78971773
9658031467,0.05654232,0.0013866522,-0.0008130783,0.823995,0.796343,0.8502115,0.85360783,0.7958174
9658131967,0.057169992,-0.0006625617,-0.00040330712,0.8247908,0.7956925,0.853177,0.85295194,0.7973414
9658232169,0.057396073,-0.0011444292,-0.0004316396,0.82116,0.79158735,0.8499706,0.8491141,0.7939678
9658331643,0.05833678,0.00226738,-0.0011975234,0.82274294,0.7945306,0.8488412,0.85416174,0.793438
9658431327,0.058889642,0.0011582925,-0.00025748604,0.82238007,0.793829,0.85047644,0.85256904,0.7926455
9658531829,0.058817264,0.003525318,-0.0012785034,0.82274705,0.7951242,0.8481128,0.8553553,0.79239565
9658631998,0.05994073,-4.9011403e-05,-0.0001209341,0.81224895,0.782428,0.84185624,0.8420004,0.78271085
9658732400,0.06061357,0.0026218756,-0.0009901121,0.81589794,0.7869671,0.8430808,0.84853655,0.78500706
9658832351,0.060779963,0.0016241886,-0.00050214585,0.8254123,0.796067,0.853871,0.85705435,0.7946565
9658932432,0.062213793,0.00011142812,-0.0003794728,0.8257831,0.7947517,0.8561445,0.8569719,0.795264
9659033947,0.061119795,0.0007133342,-0.0009841834,0.8210147,0.79048806,0.8498038,0.85255,0.7912167
9659132596,0.06219247,0.0010797227,-0.0005314615,0.8196632,0.7892108,0.84917736,0.8516425,0.788622
9659232648,0.061950017,4.0609157e-06,3.7003832e-05,0.82118684,0.79052895,0.85190994,0.8518504,0.7904579
9659332604,0.061899498,-0.0003430597,-0.0009657586,0.82371706,0.79207134,0.8536578,0.85487753,0.79426134
9659432554,0.0624715,0.0013987069,-0.00086652883,0.81606233,0.7854408,0.84515405,0.84866184,0.7849924
9659532304,0.06362455,0.0014811514,-0.0006772169,0.8196993,0.78870976,0.8494932,0.8527834,0.78781056
9659632499,0.06242951,0.0006101153,-0.0008412666,0.82386315,0.7927241,0.85351694,0.8558649,0.7933464
9659732492,0.06226583,-0.000625221,-7.859839e-05,0.8237123,0.79236454,0.85492116,0.85417575,0.7933875
9659832667,0.06303887,0.0028292486,-0.0007457278,0.81959647,0.78979784,0.84807855,0.8533961,0.78711313
9659933001,0.06360632,-6.928679e-05,-0.00067104865,0.8203041,0.78823197,0.8511915,0.8522781,0.78951454
9660033458,0.06380718,0.0032000386,-0.0014518184,0.8235898,0.79313236,0.85148424,0.85857266,0.79116976
9660133377,0.064305335,0.00095460034,-0.00093563984,0.828964,0.7970671,0.8592091,0.86221075,0.79736876
9660233339,0.0646859,-0.00049337384,0.00012030371,0.8218286,0.7895274,0.85434204,0.85343194,0.7900128
9660334378,0.06528135,0.00021163991,-0.00072082825,0.81780607,0.7850647,0.8492749,0.8508466,0.78603786
9660434665,-0.38220245,0.0052199676,-0.0022915131,0.6834327,0.87470686,0.48811328,0.4995406,0.87136984
9660531094,0.11471653,0.0005244226,-0.004362176,0.719765,0.6599687,0.77186066,0.7803028,0.66692764
9660634693,0.17833993,-0.0072491453,-0.0058692954,0.7275951,0.6296306,0.81519836,0.8153076,0.6502436
9660731575,0.10176696,0.00069738517,-0.0049236864,0.7120429,0.65835416,0.7570397,0.76671785,0.6660598
9660832350,0.05061296,-0.0015491059,-0.0026544225,0.71478826,0.6865885,0.738302,0.7407971,0.6934652
9660932423,0.033360817,0.0019364529,-0.0011325633,0.7193517,0.7033278,0.7333762,0.7381141,0.7025885
9661032109,0.037085053,0.0011895633,-0.0009911049,0.71211475,0.693826,0.7286538,0.73208565,0.6938933
9661131975,0.03891474,0.00015974586,-0.0006672794,0.7075731,0.6878976,0.7260705,0.72747445,0.6888496
9661231977,0.039529197,0.00090095104,-0.00010452187,0.7064724,0.6874473,0.7253128,0.72677153,0.6863577
9661332506,0.038576443,0.0021577328,-2.3532426e-05,0.7072106,0.68960816,0.7247714,0.72786444,0.6865982
9661432140,0.036561243,-0.001448838,-0.00023761706,0.70345473,0.6841365,0.72235334,0.72072387,0.686605
9661532196,0.034657612,0.002050784,-0.0006060147,0.70458764,0.6884051,0.7197003,0.7236703,0.68657464
9661631988,0.032221686,0.0021379506,-0.00017220248,0.7073733,0.69279116,0.7216514,0.7249789,0.6900716
9661732511,0.032151293,-0.0012381235,-0.00025922287,0.7080781,0.69107693,0.72462153,0.7233281,0.6932855
9661832599,0.032154646,0.001870367,-0.0007638205,0.7066789,0.69148797,0.7205214,0.72451484,0.69019127
9661932564,0.030436102,0.0017286637,-0.00052236463,0.70890373,0.6946487,0.7222365,0.72560334,0.69312614
9662033030,0.029464616,0.00063734135,-0.0002637384,0.7102612,0.69591373,0.724143,0.72550994,0.69547796
9662134012,0.030010708,0.00069318945,-0.0011125375,0.7108727,0.69564456,0.72413677,0.72708106,0.6966282
9662233919,0.027838862,0.0013267447,-0.0006722481,0.7060305,0.6926632,0.718211,0.72127396,0.69197357
9662334073,0.027239531,0.00033696473,-0.0011146236,0.7067188,0.69260997,0.71885985,0.72130406,0.69410104
9662434283,0.026816485,0.0014761671,-0.0010459207,0.7095855,0.69654435,0.72078013,0.7247141,0.6963031
9662534419,0.024731526,0.0014367108,-0.00026962935,0.71033525,0.6988932,0.7213012,0.72380906,0.6973373
9662634099,0.024688696,0.001816052,-0.0003169377,0.70654273,0.6953539,0.71717197,0.7202997,0.69334507
9662734394,0.02251599,0.0022579385,-0.00046351895,0.7041153,0.6942031,0.7132091,0.7172206,0.69182813
9662830939,0.023369318,0.0017207987,-0.00055351085,0.70323724,0.69245356,0.7130437,0.7164543,0.6909971
9662931250,0.021808725,0.0024367839,-0.0002045753,0.70816606,0.6989288,0.717042,0.72084934,0.6958438
9663031688,0.021040875,0.0010595997,-0.0011067198,0.70400876,0.69348764,0.71257603,0.7160282,0.6939429
9663132341,0.020506883,0.0013792394,-0.0009388249,0.70529014,0.6953881,0.7135348,0.7171426,0.6950949
9663232372,0.02045772,0.00045471033,-0.0004217948,0.70739216,0.6972564,0.71678317,0.7181709,0.69735795
9663332397,0.019423947,0.002099106,-0.0006293309,0.7089274,0.7003077,0.716436,0.72051555,0.69845
9663432572,0.017449731,-0.0012153065,-0.0009834892,0.7056907,0.6954343,0.7142108,0.7142283,0.69888914
9663532230,0.017047407,0.00012953076,-0.00027650374,0.7038511,0.69528604,0.71192795,0.7125992,0.695591
9663632071,0.016760185,0.0037476493,-0.00033407306,0.7054566,0.6995482,0.7107752,0.7166649,0.6948379
9663732513,0.015849834,0.0026721982,5.7159516e-05,0.7045119,0.6985934,0.7105312,0.7142094,0.6947134
9663832393,0.015852565,0.0019095391,-0.0001896426,0.70260745,0.6959594,0.7089206,0.7119559,0.6935937
9663932469,0.015995683,0.000560303,4.140311e-06,0.70751834,0.6999936,0.7150502,0.71583533,0.69919395
9664032628,0.015874885,0.0015697418,-0.0007152147,0.70902187,0.7017203,0.7150608,0.7185433,0.70076287
9664132466,0.01408212,0.0030508665,-0.00034735733,0.7122494,0.70716476,0.7167207,0.7216485,0.7034634
9664232665,0.014144933,-0.00065061246,-0.00036231327,0.7071545,0.69940996,0.7142593,0.7139788,0.7009697
9664332583,0.012660018,-9.121394e-05,-0.00049600087,0.7058705,0.6991548,0.71171045,0.7124571,0.70015943
9664432304,0.013440646,0.003312503,-0.0003830204,0.7075478,0.7029386,0.7114807,0.7168414,0.6989302
9664532424,0.013393614,0.00090044725,-1.7362996e-05,0.7096651,0.7036535,0.71564597,0.71695006,0.7024107
9664632385,0.012497706,0.0009401463,-8.08652e-05,0.70507926,0.69949096,0.7105247,0.71199703,0.6983041
9664732624,0.011841639,-1.7771497e-05,-0.0002610219,0.70444906,0.6983705,0.71006674,0.7105023,0.6988564
9664832596,0.011502204,0.002176627,-0.00025146137,0.7084159,0.7040645,0.7123233,0.71584547,0.7014302
9664932671,0.010025319,-0.0007530338,0.010136311,0.71078205,0.71304053,0.7264171,0.70745856,0.69621176
9665033201,-0.0058353613,0.008069267,0.26223966,0.7027007,0.9119908,0.95634365,0.5048221,0.4376459
9665133951,-0.033769023,0.018259306,0.25741076,0.67811286,0.9047507,0.90588367,0.47729746,0.4245194
9665234440,-0.023921575,0.009754511,0.16909248,0.67184794,0.8200033,0.82219255,0.5374875,0.50770825
9665334907,-0.0070233378,-0.0038177168,0.099283904,0.6818013,0.7585635,0.78030545,0.5996399,0.5886962
9665431335,-0.0020390917,-0.011019966,0.06686263,0.6886374,0.73302555,0.76228213,0.6286645,0.6305771
9665531544,-0.0016228342,-0.0054085627,0.056835614,0.6972146,0.7376907,0.75707066,0.6490895,0.6450073
9665631181,-0.00075051584,-0.006315636,0.04636602,0.70440674,0.7357968,0.7548668,0.66408485,0.6628783
9665731369,-0.0056990227,-0.007069165,0.050313573,0.70768917,0.7440189,0.76017815,0.66136193,0.6651974
9665831330,-0.009825313,-0.0078079253,0.04969345,0.7008029,0.7381798,0.7511501,0.65238386,0.6614977
9665931640,-0.009032851,-0.005775954,0.048959944,0.7019671,0.7398269,0.75053644,0.6559388,0.661566
9666031483,-0.01158043,-0.0047214767,0.04374727,0.70637745,0.7422556,0.74772644,0.663822,0.6717055
9666130660,-0.013028576,-0.0009556723,0.049821038,0.71087027,0.75477695,0.75491285,0.665612,0.6681791
9666234766,-0.013221235,-0.003785633,0.037533194,0.7073369,0.73993397,0.74099725,0.669386,0.6790301
9666328797,-0.013707117,0.0020492098,0.04333062,0.7082386,0.744815,0.7392933,0.6744769,0.674615
9666431293,-0.013368435,0.0024561323,0.044335954,0.70772004,0.75000983,0.7436967,0.66890365,0.66826975
9666533906,-0.012210396,0.0036756394,0.049597558,0.7079555,0.75456065,0.74890506,0.6665484,0.6618076
9666632670,-0.010335033,0.0026751468,0.039182983,0.70372635,0.7407247,0.73589784,0.6705111,0.6677715
9666732467,-0.010367999,0.0074605746,0.044145044,0.7033931,0.74758905,0.7371265,0.6697479,0.6591087
9666832128,-0.0086761275,0.00758363,0.039203435,0.7062713,0.7459343,0.7358142,0.677333,0.6660034
9666931950,-0.008070363,0.00805955,0.044248916,0.7091924,0.7527532,0.7437444,0.67702943,0.66324234
9667031134,-0.0069379974,0.006264351,0.049453378,0.7048523,0.75056577,0.74643904,0.66799784,0.65440625
9667134782,-0.0049288166,0.007816219,0.038920518,0.70505357,0.74280816,0.7360055,0.67835265,0.66304773
9667234861,-0.003634377,0.0072342413,0.04387461,0.7071818,0.74767506,0.74414057,0.6769192,0.65999216
9667331207,-0.0043531265,0.005760392,0.03797997,0.70871246,0.7440084,0.74046266,0.68156284,0.6688157
9667431062,-0.0024271815,0.0054143886,0.049048103,0.70611674,0.7486844,0.7501339,0.67120606,0.65444237
9667535029,-0.0030320706,0.0050362055,0.04884218,0.7067018,0.74914414,0.7504808,0.67138165,0.65580046
9667635265,-0.0028799647,0.0031934688,0.04321179,0.7085372,0.74529225,0.74806416,0.6762983,0.6644939
9667731389,-0.003372193,0.0006509692,0.037475463,0.7093221,0.74013305,0.7446667,0.6794316,0.6730568
9667834843,-0.004450421,-0.00017921539,0.044116847,0.70490986,0.7407506,0.7469487,0.66881555,0.6631243
9667931113,-0.005285097,0.0013686495,0.043786854,0.7029847,0.7400809,0.7431855,0.6678239,0.6608482
9668034988,-0.0055665527,-0.00073026126,0.043026634,0.70420414,0.7393738,0.7449895,0.6680016,0.6644514
9668131450,-0.006279852,-0.0012323607,0.04371936,0.707547,0.7432452,0.7490268,0.6701059,0.66780996
9668231583,-0.00686343,-0.0034174295,0.042213492,0.70479023,0.73807997,0.74602014,0.6666674,0.6683932
9668332092,-0.007751529,0.00017276255,0.048334498,0.705252,0.7462048,0.74962425,0.6645434,0.6606353
9668432375,-0.008107314,-0.0005615133,0.041768458,0.70747626,0.74306107,0.74562544,0.6710972,0.6701211
9668532895,-0.0079689175,-0.0004467541,0.048887536,0.7089933,0.750039,0.75424904,0.6673157,0.6643693
9668632181,-0.0067187296,-0.00053640245,0.04272118,0.7062314,0.7418752,0.74600345,0.66982895,0.66721785
9668732403,-0.009069841,-0.0009308513,0.049051225,0.70428544,0.7456594,0.74950176,0.6615949,0.66038543
9668832274,-0.009345724,0.003073629,0.04810371,0.7039391,0.7475562,0.7452396,0.6646687,0.65829164
9668932578,-0.008708345,0.0035973678,0.042619374,0.706866,0.7463405,0.7426276,0.67247885,0.6660169
9669032517,-0.008058393,0.0035098365,0.043621615,0.70349306,0.74335074,0.74064076,0.66859895,0.66138154
9669132409,-0.007928431,0.0029286474,0.05042607,0.70389414,0.74848396,0.74832165,0.66344595,0.65532476
9669228368,-0.0092154965,0.0034674485,0.049257252,0.70545864,0.75017256,0.7476988,0.66564834,0.6583147
9669332799,-0.006431837,0.00260372,0.04326987,0.70734113,0.7454831,0.7455836,0.6728813,0.6654163
9669432477,-0.006917234,0.00436265,0.043235794,0.7051423,0.74474245,0.74186647,0.6717118,0.6622483
9669532279,-0.0059609585,0.003581381,0.043731336,0.70533127,0.7442844,0.7435772,0.67144275,0.66202044
9669632363,-0.006316211,0.0056247213,0.049951367,0.7070126,0.7523469,0.74985766,0.6696328,0.6562128
9669732809,-0.0072864303,0.0054264734,0.042742297,0.70812124,0.74827874,0.74341685,0.6756377,0.66515136
9669833226,-0.005816407,0.0036955546,0.047921862,0.7063048,0.7484741,0.7487321,0.6693616,0.6586511
9669933780,-0.0053922446,0.0013513586,0.042472865,0.7067027,0.74283415,0.7455487,0.67248225,0.6659455
9670033721,-0.0059817047,0.0028876683,0.042325642,0.7082813,0.7456784,0.7456017,0.67496777,0.666877
9670133953,-0.0068956586,0.0024014353,0.04875102,0.7093213,0.7517448,0.7529582,0.67029387,0.6622882
9670234416,-0.0052798484,-0.00053505827,0.04931932,0.70545524,0.7454368,0.7525373,0.6647169,0.65912974
9670334691,-0.005663899,0.0017457431,0.04201042,0.7056523,0.7418433,0.7436224,0.6719301,0.66521317
9670431114,-0.005219042,0.0018875403,0.041870836,0.70724326,0.74320734,0.7451939,0.67394847,0.6666231
9670531607,-0.006714504,0.0012716367,0.048054826,0.7088475,0.74984956,0.75267684,0.6696437,0.66321975
9670631231,-0.0077402503,0.00012239389,0.04762513,0.7072001,0.7475688,0.75090426,0.6670044,0.66332275
9670731364,-0.006846594,0.00050586683,0.049383346,0.70574796,0.7472907,0.7513819,0.6649205,0.65939856
9670831554,-0.00693938,0.0014977654,0.04280508,0.7060167,0.7432724,0.744325,0.67087907,0.66559017
9670931929,-0.008447097,-7.1573944e-05,0.048366506,0.7082293,0.7493784,0.7524618,0.6669789,0.6640979
9671032380,-0.0077132555,0.00025310303,0.042201277,0.7062052,0.74250203,0.7444064,0.6702662,0.6676459
9671132246,-0.0069220657,0.0025735123,0.04248433,0.70632356,0.74408585,0.743559,0.6722007,0.6654485
9671232437,-0.007350833,0.0020239756,0.042787362,0.7068862,0.7447042,0.74460083,0.6719304,0.66630906
9671332542,-0.008077582,0.0031115431,0.048316836,0.7076169,0.7507957,0.749732,0.6688384,0.66110134
9671432417,-0.007236116,0.0024517127,0.043313105,0.7053334,0.74379945,0.74332815,0.6703346,0.6638713
9671532270,-0.00774575,0.002595838,0.037667457,0.7049384,0.7394381,0.7369332,0.67410964,0.6692725
9671632272,-0.0061328597,0.0019792889,0.038001154,0.7056711,0.73919123,0.73923445,0.67494994,0.6693084
9671732627,-0.0075058704,0.0036517824,0.0494018,0.7063613,0.75046927,0.74946254,0.66741765,0.6580955
9671832527,-0.0069203125,0.00033449463,0.037431385,0.7053155,0.7376266,0.73908204,0.67347723,0.67107576
9671932471,-0.006516953,0.0031117685,0.042366,0.7050625,0.74291414,0.74199975,0.6716114,0.66372454
9672032575,-0.0068219053,0.0031287111,0.050246708,0.70569295,0.7497388,0.7503478,0.66607165,0.6566133
9672132635,-0.0062099835,0.0025437137,0.049711138,0.7066075,0.7495267,0.75144356,0.6672856,0.658174
9672232496,-0.006118403,0.002375993,0.03813511,0.7047052,0.7386012,0.7381292,0.6741692,0.6679209
9672332694,-0.007294922,0.0024598443,0.044595707,0.70467883,0.7441613,0.74392134,0.668675,0.66195744
9672432725,-0.0057534487,0.0022662303,0.038242277,0.7054975,0.73921716,0.7392871,0.67498267,0.66850287
9672532982,-0.0062703565,0.002748893,0.048890714,0.7069419,0.7494082,0.75078255,0.66836303,0.6592136
9672632735,-0.0042291917,0.0016569187,0.037757378,0.7066548,0.7388174,0.74114543,0.6768353,0.6698208
9672732837,-0.0069569955,0.0026632599,0.0432449,0.7059267,0.74435186,0.74384195,0.67126787,0.66424495
9672833366,-0.007337886,0.0036809444,-0.044807557,0.7059272,0.6778735,0.6548817,0.7391864,0.7517669
9672933775,0.034943223,0.0117815025,-0.24805038,0.69505346,0.49623942,0.45598254,0.91052896,0.9174627
9673033961,0.039170425,0.0083959,-0.16866125,0.679057,0.53651184,0.5238633,0.83347565,0.822377
9673130955,0.02135982,0.0025123656,-0.0864738,0.6813629,0.60637915,0.60369384,0.7598996,0.75547886
9673231049,0.0040570637,-0.00072864373,-0.03791659,0.691109,0.6595661,0.6557174,0.72162133,0.72753096
9673331693,-0.0056550084,-0.00049677,-0.015109582,0.70085,0.6917366,0.68329024,0.70926076,0.7191122
9673432449,-0.003590198,0.0029437514,-0.0063539715,0.7045079,0.70350516,0.6942938,0.7096736,0.7105588
9673531915,-0.0016971165,0.003167106,-0.0014467291,0.7071526,0.7091255,0.70262563,0.7096585,0.7072005
9673631854,1.2575416e-05,0.0040905364,-0.00045655062,0.70888805,0.7114248,0.7055452,0.7121361,0.7064459
9673732151,0.0007063613,0.0002760162,-0.00060527166,0.70977,0.709152,0.7093194,0.7107783,0.70983016
9673832653,-0.00023629353,0.0012688419,1.3030134e-05,0.70801765,0.70904183,0.70701635,0.7087878,0.70722437
9673932575,4.2714673e-06,0.0016078198,0.00035683485,0.70848346,0.7098913,0.70770544,0.70934933,0.7069875
9674028693,0.00012649613,0.0030758018,0.00038545858,0.70851177,0.63106924,0.6012696,0.7902286,0.8112934
9674132478,0.043310136,0.01597353,-0.29795998,0.69329894,0.45510814,0.40549907,0.9540796,0.95850873
9674232896,0.04326345,0.013253475,-0.2112947,0.6689343,0.4951687,0.46969995,0.861443,0.8494253
9674333335,0.024788968,0.002844294,-0.13228509,0.6703589,0.5588514,0.5483426,0.78588873,0.7883526
9674433869,0.009321312,-0.0026244617,-0.08136453,0.68422705,0.6154848,0.6093359,0.7492576,0.76282966
9674533864,0.0033859077,-0.0015530768,-0.06411411,0.69749826,0.6456558,0.6361596,0.7471442,0.7610332
9674633813,0.0041612578,0.0008925699,-0.049145993,0.70324534,0.6642033,0.65552956,0.7435496,0.7496987
9674733592,0.007713295,0.0034047514,-0.05195032,0.7062212,0.66504973,0.65568435,0.75220764,0.75194293
9674833831,0.006282785,0.0032469747,-0.044440657,0.70754415,0.672717,0.66391987,0.74696314,0.74657637
9674934981,0.010223588,0.0015771129,-0.04861042,0.70872736,0.6675761,0.6640663,0.75210893,0.7511579
9675031012,0.007688502,0.0030428902,-0.047833547,0.70785546,0.66959095,0.66167897,0.75042313,0.74972856
9675131358,0.007332888,0.0031103042,-0.04158176,0.7079614,0.67470527,0.6678128,0.745616,0.7437112
9675231371,0.0062605008,0.0010603801,-0.04150563,0.70846975,0.67435366,0.6693156,0.7440854,0.74612415
9675331833,0.0068115722,0.0022388157,-0.047853332,0.7087269,0.6703131,0.6626647,0.7503067,0.75162274
9675432301,0.007877235,0.0018248198,-0.047958475,0.707317,0.66800207,0.6619704,0.74921244,0.75008285
9675532347,0.008754468,0.003014599,-0.04877157,0.7069667,0.66743624,0.6604003,0.7507603,0.7492697
9675632280,0.005997645,0.0018762366,-0.036152218,0.7073679,0.6780559,0.67286,0.7393332,0.73922217
9675732702,0.008438553,0.003949752,-0.04328276,0.7074959,0.6729839,0.66560054,0.74759364,0.7438054
9675834173,0.005272786,0.002758813,-0.043456893,0.7062705,0.67235136,0.6634748,0.74409115,0.7451645
9675933539,0.0069285966,-0.00054073095,-0.041907057,0.706774,0.6708876,0.6686815,0.7418956,0.74563104
9676033529,0.0061744424,0.0030954278,-0.048972376,0.707461,0.66911215,0.6593585,0.75018734,0.7511858
9676133573,0.0059902896,0.0035055336,-0.05003417,0.70701593,0.6682357,0.6574704,0.7507536,0.7516038
9676233499,0.005417289,0.0027207152,-0.038278043,0.70512575,0.6750715,0.6676074,0.7390276,0.73879623
9676333823,0.008097764,0.0018132861,-0.04993299,0.70469147,0.6637481,0.65748775,0.7481991,0.74933076
9676433926,0.0075610434,0.0006460046,-0.04854147,0.70523137,0.66479343,0.6599786,0.7465828,0.74957037
9676533910,0.0063018943,0.0016752789,-0.043429583,0.706406,0.67123175,0.66491365,0.7439493,0.74552906
9676633480,0.006613689,0.0018008652,-0.0490172,0.7053911,0.665875,0.65837675,0.7474539,0.7498585
9676734041,0.008782178,0.0005647134,-0.037872255,0.70465946,0.67172426,0.6707384,0.7383931,0.7377818
9676834135,0.0064643286,0.0014272379,-0.03727818,0.7055826,0.67486024,0.6704975,0.73832333,0.7386492
9676930373,0.0061274283,0.0012997374,-0.043355204,0.70628756,0.67111975,0.6642338,0.74464256,0.7454405
9677034303,0.006257619,0.001814068,-0.043954182,0.70576626,0.6703106,0.6636292,0.7437873,0.7453377
9677134053,0.0070104357,0.0030114586,-0.04880765,0.7051684,0.66647214,0.6577042,0.74812347,0.7483737
9677233911,0.0054799076,0.001354954,-0.044234574,0.70563436,0.67002475,0.6631563,0.74316007,0.7461961
9677334372,0.006818766,0.0023678911,-0.043040458,0.70623946,0.6715967,0.6649025,0.7442308,0.7442276
9677434339,0.006883009,0.003030931,-0.048415888,0.7055317,0.6672121,0.6583823,0.7481376,0.7483946
9677534022,0.0067102434,0.0029582642,-0.037806015,0.7058114,0.6756458,0.6692376,0.74016047,0.7382014
9677634351,0.009533551,0.0024715813,-0.049752768,0.70622367,0.6651724,0.65944594,0.75077015,0.74950594
9677731193,0.0072134715,0.003441955,-0.037569873,0.7069062,0.6770141,0.67047584,0.74166584,0.73846877
9677834541,0.009726433,0.0014676754,-0.04977875,0.7052637,0.6633872,0.65926534,0.7492157,0.7491863
9677930924,0.008506456,0.002003389,-0.047860213,0.70508933,0.6656642,0.66002643,0.74734753,0.7473189
9678031448,0.0071188593,0.0012975459,-0.04773008,0.7063395,0.66720223,0.6612184,0.7473116,0.74962544
9678132571,0.00764277,0.0026833706,-0.04202647,0.7073515,0.6732996,0.6672137,0.74519813,0.74369437
9678231815,0.005271883,0.0017696519,-0.047275882,0.7058139,0.66827303,0.6598982,0.74585724,0.7492268
9678331382,0.0056860377,0.004817199,-0.036861967,0.70522356,0.6776023,0.66777205,0.7396572,0.73586243
9678432082,0.008275431,0.005461458,-0.03677629,0.7045233,0.6761404,0.66798466,0.74062973,0.73333824
9678531859,0.0057521667,0.00018678252,-0.043412164,0.7051561,0.669215,0.6644613,0.7413612,0.7455866
9678632141,0.0074367356,0.004601223,-0.050164543,0.7035133,0.66469157,0.6537792,0.74884206,0.7467402
9678732581,0.006203654,0.0019819308,-0.05003487,0.7028555,0.66289175,0.6544923,0.7456221,0.7484157
9678832449,0.0049503734,0.0040603466,-0.04832889,0.70456165,0.66799396,0.65581393,0.7468714,0.74756706
9678932500,0.0059785834,0.0019212076,-0.037135676,0.7055483,0.6755249,0.67001575,0.7382886,0.7383637
9679032566,0.0070384834,0.0017630904,-0.04914426,0.70469385,0.6648433,0.6577896,0.74703765,0.7491046
9679132531,0.0062235356,0.0031431676,-0.04391075,0.7045445,0.6700788,0.66149414,0.7434552,0.7431496
9679232393,0.006294903,0.0014786937,-0.049086142,0.70525193,0.6656131,0.65823853,0.7469818,0.75017405
9679332483,0.0064083817,0.0016329201,-0.0498109,0.70633966,0.6661991,0.65854865,0.7487894,0.7518212
9679432724,0.0066818637,0.001962184,-0.03753633,0.70462704,0.6739776,0.66901326,0.7380513,0.73746574
9679533135,0.0071377424,0.002438127,-0.049941134,0.7047518,0.6647196,0.6566225,0.7482319,0.7494329
9679633025,0.0076983077,0.0022847056,-0.043009944,0.7062041,0.6710902,0.6653922,0.744549,0.74378484
9679733552,0.0063511166,0.0038256687,-0.04261134,0.7071934,0.6741415,0.665023,0.7456554,0.7439533
9679834079,0.006684881,0.0031089901,-0.04785167,0.7054004,0.667666,0.65866184,0.7475315,0.74774206
9679934286,0.005757367,0.0033508886,-0.047820862,0.7060783,0.66899794,0.65874004,0.7478974,0.74867755
9680034301,0.0061981496,0.0019225809,-0.04856326,0.70636463,0.6674878,0.65951234,0.74796027,0.7504979
9680134515,0.005443138,0.002807119,-0.04236898,0.70701367,0.6738769,0.66535616,0.7441202,0.7447012
9680234595,0.006948655,0.0021396924,-0.04319973,0.7056209,0.6706305,0.6643504,0.7436371,0.7438653
9680330942,0.0059774267,-0.00017474341,-0.049058847,0.7049544,0.66432464,0.65898013,0.7453369,0.75117564
9680431007,0.006119701,0.0036359627,-0.042442176,0.7057096,0.6727677,0.6637279,0.74379337,0.74254906
9680531213,0.005848157,0.0022247545,-0.04952368,0.7069162,0.66769147,0.65871644,0.7492871,0.7519696
9680630958,0.007135836,0.0024430952,-0.042894337,0.7060482,0.67141336,0.6649612,0.74413794,0.74368
9680731688,0.0070130685,0.0017998079,-0.043863144,0.7048096,0.6690393,0.6631479,0.7431251,0.74392587
9680831864,0.008001036,0.0024651277,-0.04864258,0.70561934,0.6661724,0.65919715,0.7485524,0.7485552
9680932079,0.008079437,0.0018216125,-0.04246576,0.706956,0.6717423,0.66720456,0.7447458,0.7441312
9681032545,0.007844954,0.002200589,-0.042138495,0.7058245,0.6712454,0.6660161,0.7435156,0.74252063
9681132638,0.005719943,1.4657926e-06,-0.04825342,0.7057701,0.66600883,0.66034913,0.7455333,0.7511888
9681232381,0.008193804,0.0002868232,-0.048712865,0.70598495,0.6648484,0.6611283,0.74752706,0.7504358
9681332705,0.006201919,0.0031139285,-0.04298093,0.70674086,0.67297673,0.66463035,0.7449086,0.74444747
9681432426,0.007465759,0.0024685124,-0.037370887,0.7046102,0.6740571,0.6691922,0.73865426,0.7365371
9681532310,0.0061535616,0.0014459122,-0.049650393,0.7038304,0.6638067,0.65620595,0.74589884,0.74941
9681631939,0.007443131,0.001968051,-0.037704155,0.70480096,0.67365015,0.6693923,0.73873496,0.7374262
9681732822,0.0070787948,0.0035643345,-0.049107768,0.7054717,0.66690284,0.6573502,0.7490812,0.7485523
9681832523,0.0070799333,0.002336635,-0.037688665,0.70451146,0.67381305,0.66867775,0.7385143,0.7370405
9681928465,-0.016135545,0.0096314885,0.23343447,0.70107764,0.9183328,0.937715,0.49646842,0.44340032
9682032475,-0.040989682,0.011261891,0.18571582,0.67976594,0.8501643,0.8372127,0.5252942,0.50639236
9682132579,-0.02341158,0.0018411374,0.09746747,0.6812048,0.7686968,0.76577264,0.59631646,0.59403306
9682232561,-0.007007927,0.000749434,0.042953648,0.6900244,0.72689855,0.7289764,0.65421,0.6500123
9682332734,0.0016554048,0.0013293165,0.018612515,0.69842714,0.71279126,0.71691966,0.6859428,0.6780546
9682429266,0.0024254234,0.0041143456,0.008564324,0.7036673,0.7102866,0.7116566,0.7033373,0.6930567
9682533519,0.0020928583,0.0018173743,0.002921841,0.70914227,0.71162665,0.7118157,0.7092279,0.70389855
9682633872,0.0006081911,0.0016513541,0.0005979007,0.70882297,0.7101469,0.7085544,0.7098343,0.70675606
9682734559,-0.0010366812,0.0042062756,0.0006630793,0.7082343,0.71222955,0.7054095,0.7101875,0.70511043
9682827381,-7.724957e-05,-0.00039881488,8.442812e-05,0.7094231,0.70976937,0.70837533,0.71102834,0.7090137
9682931395,1.8993844e-05,0.0033106287,-7.505482e-05,0.71034354,0.7126176,0.7079369,0.7127513,0.70806813
9683031980,0.0006567733,0.0022384913,-0.0003913073,0.70834523,0.7093032,0.7066964,0.7105528,0.7068283
9683132215,-0.0010395378,0.0017860298,-0.00055741426,0.7076119,0.70896316,0.70527655,0.70878637,0.70742136
9683232529,-0.00014291689,0.0010063351,-0.00030395575,0.7087219,0.70927155,0.70763546,0.70959526,0.708385
9683333129,0.00042119157,0.0018205515,-1.2979843e-05,0.70988816,0.7109568,0.70879644,0.711394,0.70840514
9683432634,0.0019916182,0.0034194125,0.00039233547,0.7082914,0.71002287,0.7072524,0.7113956,0.70449454
9683528106,1.1145251e-05,0.0041410644,0.0012711296,0.70750654,0.71140194,0.70585495,0.70946735,0.70330167
9683631939,0.0004849772,0.0025075853,0.0011895599,0.7337434,0.7361866,0.7334001,0.73484635,0.7305404
9683732764,0.0006235066,0.0029558495,0.0011655425,0.67012185,0.672795,0.66950613,0.6716288,0.66655725
9683832693,0.0007136385,0.0013844828,0.0005332879,0.6147156,0.61574906,0.61462337,0.6156399,0.6128497
9683932526,9.512702e-05,0.00049991586,0.0006224469,0.6254208,0.6262035,0.62573683,0.625345,0.6243977
9684032426,0.00030351258,0.0026085114,0.0006114838,0.702636,0.70479804,0.7015533,0.70416284,0.7000296
9684132570,0.00051220093,0.0021934449,1.9038329e-05,0.6859071,0.68721884,0.68462884,0.68769723,0.68408334
9684232580,-0.0006592055,0.0005675328,3.8431026e-05,0.6128962,0.6136534,0.6122067,0.6129415,0.61278296
9684332625,-0.00033231068,0.0027037843,2.3972243e-06,0.6803725,0.6824508,0.6782983,0.6821178,0.6786228
9684432668,0.00017884295,0.0018115825,8.576689e-05,0.7511059,0.75236386,0.7499992,0.7524098,0.7496505
9684533010,0.0011239133,0.002548609,0.0002479141,0.79541755,0.7968526,0.79442,0.7975867,0.7928107
9684632736,-0.0010731815,0.0020829902,-0.00015754416,0.7888102,0.79069406,0.7866481,0.789872,0.7880264
9684733349,-0.00035078413,0.0013272502,0.00024782447,0.81201905,0.81332093,0.81115454,0.81259406,0.8110064
9684830038,-0.00025986915,0.0023807997,-0.00017122563,0.8371621,0.82941633,0.8254644,0.82922566,0.8254436
9684934995,-0.00038079277,0.0014570234,-0.00041943544,0.73388964,0.7347875,0.7322512,0.73505217,0.7334674
9685034813,0.0002803272,0.0012601673,0.00010802527,0.6815459,0.68238074,0.68090165,0.68249315,0.6804079
9685131407,0.00013552651,0.0006538028,0.000109336805,0.64326894,0.64374775,0.642983,0.64371467,0.6426301
9685231572,-0.00020111536,0.0028524618,0.0006599183,0.6049992,0.6076208,0.60354245,0.60641146,0.6024218
9685331770,-0.00040638782,4.9799448e-05,0.000100152334,0.56753147,0.56784457,0.56739503,0.56728864,0.5675974
9685432108,0.00040098024,0.0017921476,-4.855299e-05,0.58826363,0.589295,0.5871464,0.58976656,0.5868463
9685531906,-0.0018334526,0.0021408177,-4.232698e-05,0.6701646,0.6725542,0.6677002,0.6708024,0.6696013
9685631666,-0.00035896347,0.0022676904,3.1485222e-05,0.7362765,0.7380819,0.7345266,0.73767805,0.7348193
9685732202,-0.0006926793,0.002262642,0.00018638582,0.75199383,0.75407946,0.7502371,0.7531079,0.7505506
9685832111,0.0019142388,0.00024736705,0.0002691513,0.7287811,0.72821367,0.7298236,0.72969824,0.7273887
9685932555,-0.0003466645,0.0029970945,0.00013167516,0.7199663,0.72235805,0.7178069,0.72181296,0.71788704
9686032466,0.00034174183,0.0015843483,0.00020809274,0.7191743,0.7202845,0.71843135,0.7203046,0.7176766
9686132766,0.00077565835,0.00047561957,-0.0002901738,0.72041935,0.7201493,0.72017705,0.72136194,0.7199889
9686232943,0.00048173478,0.0012647012,5.21075e-06,0.71719027,0.71784985,0.71653974,0.7183191,0.7160521
9686332637,0.0003692545,0.0018221866,-0.00016354129,0.7165923,0.7175726,0.71532315,0.7181888,0.7152844
9686432443,9.385827e-05,0.0015068377,0.0002588784,0.717962,0.7191791,0.7172018,0.7188758,0.7165911
9686532459,-4.0641527e-05,0.0034912848,-0.00030816416,0.71964186,0.7218948,0.7168448,0.7223262,0.7175014
9686632536,0.00015169728,0.0013032355,-0.00025755953,0.7163646,0.71701384,0.7152606,0.7175583,0.71562546
9686732597,-2.986379e-05,0.001733493,0.00012147805,0.7160025,0.717336,0.7148834,0.71712047,0.71467
9686832741,0.00020679034,0.00088356505,-0.00030976097,0.71833855,0.71862376,0.7175064,0.7193028,0.717921
9686933114,0.00017613868,0.0014342534,0.00075742713,0.71980304,0.72130954,0.7196335,0.72032475,0.7179441
9687033384,-0.0006186678,0.0010710659,-0.00039284275,0.7768309,0.77759403,0.7753742,0.7775824,0.7767728
9687133721,-0.00014991759,0.0006020792,4.7734706e-05,0.82698286,0.82751936,0.8265305,0.82729775,0.82658356
9687234008,0.0014038546,0.0011869154,0.00024664035,0.8106695,0.811002,0.81077224,0.81201535,0.8088881
9687334671,0.000759486,0.0003769177,-0.00019226284,0.71714586,0.7168889,0.71706325,0.71793574,0.7166953
9687430942,-0.0008073745,0.00015694671,0.00033604185,0.6649465,0.66571456,0.66477156,0.6644003,0.66489935
9687531059,0.0002814879,0.0014075041,-0.00038470788,0.62468326,0.62524456,0.6234427,0.62611234,0.6239332
9687635166,-0.00067450287,-0.001746082,0.00012985966,0.5907675,0.5899663,0.5917978,0.5890993,0.59220636
9687731074,0.0002964131,0.0020673347,0.00012521268,0.5751077,0.5765185,0.57391787,0.57662046,0.57337373
9687831343,0.00039479588,0.0030340273,0.000114722585,0.6706321,0.67266965,0.668797,0.67288524,0.66817635
9687931687,-0.00015800043,0.0013882528,0.00028907246,0.73514616,0.73642725,0.7343753,0.7358282,0.73395365
9688032209,0.0010166672,0.0012681592,-0.00057118037,0.7434853,0.74344116,0.7425209,0.7453227,0.74265605
9688132499,-0.00033425388,0.0013945712,-0.0005431178,0.72960615,0.73034215,0.7279113,0.73084223,0.7293287
9688228986,0.0011911602,0.00088625774,-0.0003258721,0.72264373,0.72422916,0.71974546,0.7224068,0.7204003
9688332670,0.0006515328,7.34764e-05,0.0003408292,0.73116285,0.73115283,0.7317744,0.7312767,0.73044723
9688433660,3.8895494e-05,0.0020929216,0.00030721287,0.7177396,0.71943533,0.71658605,0.71900356,0.71593314
9688533420,0.0009338001,0.0020822138,-7.00471e-05,0.69668365,0.69763976,0.6956038,0.6986721,0.6948187
9688633240,0.0006792311,0.0016051972,2.7572445e-05,0.71758395,0.7184036,0.7168129,0.7190343,0.7160848
9688733095,-3.5013712e-05,0.0026104897,0.00014837767,0.71732885,0.7193056,0.7156139,0.7190438,0.7153519
9688833409,-0.00052766834,0.0025223885,0.00014397089,0.7184838,0.72063893,0.7165827,0.7198957,0.7168176
9688933752,-0.0002734992,0.0008922104,0.00038109874,0.72050285,0.72156084,0.7201175,0.7207065,0.7196263
9689033679,-1.7503698e-05,0.0013425107,0.00011552364,0.7187919,0.7198382,0.7179494,0.71964407,0.7177357
9689133961,0.00073168235,2.7421047e-05,-0.0001231526,0.7810156,0.7805782,0.78123546,0.7814916,0.78075683
9689234248,-0.00032639658,0.001982116,0.00020604488,0.828677,0.8303979,0.82731974,0.8297591,0.827231
9689335071,0.00025641487,0.0009634853,-0.00027737865,0.7615733,0.76191527,0.7607416,0.7625938,0.76104236
9689431007,-0.0004173132,0.0035612504,0.00020612591,0.6840255,0.6869081,0.6815067,0.68617916,0.6815079
9689534489,-0.0005820255,0.0016023638,0.00035512086,0.63469964,0.6363928,0.6336333,0.6352725,0.63349974
9689634826,-0.00051677204,0.0017708791,0.00044324453,0.61832863,0.62017596,0.6172636,0.61898553,0.6168892
9689731051,-0.00094082876,0.001603455,4.5663037e-06,0.6112012,0.6128046,0.60960585,0.6118654,0.6105288
9689831207,0.000525864,0.00040595682,0.000100527264,0.6946139,0.6947173,0.69468784,0.69508445,0.6939657
9689931399,0.00022081027,0.0011566051,-0.00039576401,0.743768,0.7441735,0.7426637,0.744998,0.7432365
9690030981,0.00032595848,0.0016799617,0.000116510826,0.73076385,0.7318794,0.72985387,0.732024,0.7292979
9690131464,0.00026229216,0.0012177065,-0.00033275934,0.7836748,0.78415114,0.78261083,0.7849204,0.7830165
9690231711,-0.00082800817,0.000707941,-0.00014950857,0.82605493,0.8268512,0.8249946,0.82625973,0.82611394
9690332068,0.00054350996,-0.00053124374,0.00042022436,0.73679537,0.7364721,0.7378604,0.7363673,0.7364815
9690432496,0.00029817625,0.00323355,0.00060367165,0.66587144,0.6684721,0.6643363,0.6678436,0.6628335
9690532774,-8.205353e-05,0.0013085788,-0.00025412958,0.68221736,0.68298876,0.6809972,0.68329644,0.6815868
9690632459,-0.0004751323,0.0015014882,0.0004166855,0.6700184,0.67163426,0.66913795,0.6705258,0.66877526
9690732645,7.068727e-05,0.0012767207,2.352259e-06,0.62409604,0.62496555,0.6232305,0.625032,0.62315583
9690828872,-0.0005544855,0.00073994393,-7.001613e-05,0.63496417,0.63570845,0.63409615,0.63526624,0.6347856
9690932544,0.0003246172,0.0016331066,-0.0003796573,0.72462976,0.7253331,0.72325605,0.72623587,0.7236938
9691032541,-7.400068e-05,0.0017904388,0.00016597111,0.7414298,0.7428595,0.740293,0.7425321,0.7400344
9691132797,-0.001036524,0.001292046,0.0007205026,0.7279894,0.72996783,0.7272827,0.72783804,0.7268687
9691232774,-0.00022413228,0.0012958491,-0.00040241043,0.7228169,0.7235362,0.7213871,0.72393006,0.72241396
9691333041,-0.00035300333,0.0015714056,0.0003268566,0.7222918,0.72382796,0.7213326,0.7229779,0.7210286
9691432819,-4.396036e-05,-0.026867079,-0.00014690698,0.4895135,0.47042492,0.5083426,0.4706062,0.50868005
9691532911,-0.00024463932,-0.0082474565,0.00034424226,0.48353708,0.47808987,0.48959193,0.47732058,0.48914582
9691633003,-0.0003136234,-0.009360153,-0.00015922551,0.47353658,0.46695143,0.47984058,0.46688443,0.48046976
9691733071,-0.0006859177,-0.011464112,-0.0002892217,0.46294168,0.45495376,0.47041896,0.45471683,0.47167704
9691833436,0.00042076723,-0.012973832,3.5443525e-05,0.45138344,0.4420282,0.46080118,0.44239086,0.4603134
9691933631,-0.0007770121,-0.01343356,-0.0001356687,0.43924844,0.43003052,0.4482268,0.42946836,0.44926795
9692033787,-0.0008813016,-0.015894864,0.00014555964,0.4286859,0.4179945,0.4396342,0.41689852,0.44021627
9692134146,-0.00041612523,-0.007936492,-0.00018783883,0.12,0.11445043,0.12521794,0.11432565,0.12600592
9692234058,-0.0019270015,-0.009273564,-0.00030210178,0.12,0.114166,0.12530068,0.112719186,0.1278141
9692334157,0.00026641146,-0.008016623,-0.00019316946,0.12,0.11405157,0.12560742,0.11461119,0.12572978
9692434447,-0.00083948683,-0.008932422,0.00027936426,0.12,0.11431348,0.12617967,0.11305414,0.12645267
9692531088,-0.0020243935,-0.008511957,-6.876275e-05,0.12,0.11493135,0.12494724,0.1130309,0.12709047
9692634458,-0.001991958,-0.009665771,-0.00014944989,0.12,0.11403767,0.12569849,0.11229285,0.12797095
9692734636,-0.0012964003,-0.009847621,-0.00050133263,0.001,0.0,0.0019999999,0.0,0.0020000008
9692835260,-0.0019635814,-0.00894072,0.00030967695,0.001,0.0,0.0020000003,0.0,0.0020000003
9692931239,-0.0015033162,-0.0084822755,-0.0002538446,0.001,0.0,0.0019999994,0.0,0.0019999994
9693031831,-0.0020620832,-0.0076785316,-0.00027518184,0.001,0.0,0.0020000003,0.0,0.0020000003
9693132128,-0.001976716,-0.00918291,-6.0725204e-05,0.001,0.0,0.0020000003,0.0,0.0020000003
9693232142,-0.0016395258,-0.0077441833,-0.00022037502,0.001,0.0,0.0019999999,0.0,0.0020000008
9693332454,-0.0020216436,-0.009099843,-0.0004805137,0.001,0.0,0.0019999994,0.0,0.0019999994
9693432788,-0.002641153,-0.009247631,0.00029691515,0.001,0.0,0.0020000003,0.0,0.0020000003
9693532254,-0.0028433066,-0.007733672,8.942653e-05,0.001,0.0,0.0020000003,0.0,0.0019999994
9693632079,-0.0035119317,-0.008964378,-6.493593e-05,0.001,0.0,0.0020000003,0.0,0.0019999994
9693732434,-0.0028137185,-0.009277881,8.0649224e-05,0.001,0.0,0.0020000003,0.0,0.0020000003
9693832608,-0.003372576,-0.009225631,0.0007807284,0.001,0.0,0.0020000003,0.0,0.0020000008
9693932414,-0.0036072873,-0.009576845,-4.0270243e-07,0.001,0.0,0.0019999999,0.0,0.0020000008
9694032282,-0.003445645,-0.00817894,-0.000120493976,0.001,0.0,0.0019999994,4.656613e-10,0.0020000003
9694133852,-0.0033830255,-0.008548416,-0.0002939733,0.001,0.0,0.0019999994,0.0,0.0020000003
9694233803,-0.0034428507,-0.009604958,5.136308e-05,0.001,0.0,0.0020000003,0.0,0.0020000003
9694334319,-0.003298728,-0.008705899,0.0007368229,0.001,0.0,0.0019999999,0.0,0.0019999999
9694434615,-0.003276513,-0.008176626,-0.0004360578,0.001,0.0,0.0020000003,0.0,0.0019999994
9694531334,-0.0032668333,-0.008862401,0.00018846287,0.001,0.0,0.0019999994,0.0,0.0019999994
9694634734,-0.002780696,-0.008861431,0.00051106466,0.001,0.0,0.0019999994,0.0,0.0019999994
9694731090,-0.004571255,-0.009190674,0.00046413732,0.001,4.656613e-10,0.0020000003,0.0,0.0019999982
9694831042,-0.0036864078,-0.0012143375,-3.0008774e-05,0.001,0.00025970122,0.001687324,2.2965898e-05,0.0020300087
9694931138,-0.0041058823,-0.00094127934,0.0005039425,0.001,0.0006688298,0.0013311701,0.0,0.0019999999
9695032059,-0.0046618455,-0.0001527901,2.6573702e-05,0.001,0.0017839218,0.00021607813,0.0,0.0019999999
9695131985,-0.0046671233,-0.0020992742,-0.00023689368,0.001,0.0,0.0019999999,1.1641532e-10,0.002
9695231660,-0.0037040315,-0.00062031095,0.00036669,0.001,0.0011227475,0.0008772524,0.0,0.0019999999
9695331790,-0.004405132,-0.00080311805,-5.5554323e-05,0.001,0.00082170335,0.0010802262,4.251606e-05,0.0020555542
9695431888,-0.0040499642,-0.00018542382,-9.7462645e-05,0.001,0.0016631823,0.00016476624,7.458876e-05,0.0020974625
9695531828,-0.0055633583,-0.001690569,0.000720789,0.001,0.0,0.0019999999,0.0,0.002
9695631625,-0.0050145746,-0.0022714352,0.0003085305,0.001,0.0,0.0019999999,0.0,0.0020000003
9695731850,-0.0042027673,-0.0013705902,-0.00043010392,0.001,0.0,0.0018576954,6.169267e-05,0.0020806114
